Interval start,ip.dst==129.241.208.71,ip.dst==129.241.208.59,ip.dst==129.241.208.58,ip.dst==129.241.205.108,ip.dst==129.241.200.199,ip.dst==129.241.209.248
1,44548,48738,48311,0,0,0
2,47006,48434,48111,0,0,0
3,49182,50260,49535,0,0,0
4,46544,46479,46958,0,0,0
5,50748,54548,51903,0,0,0
6,54459,57889,55725,0,0,0
7,58023,60039,58675,0,0,0
8,62462,69034,63973,0,0,0
9,69621,69323,67674,0,0,0
10,70386,74096,74548,496,0,0
11,73559,81569,80311,28271,0,0
12,81302,82299,86924,34059,0,0
13,83810,85557,86358,44662,0,0
14,87043,96454,98023,47633,0,0
15,94207,95189,96105,50662,0,0
16,104153,104658,106532,46916,0,0
17,102441,107048,108266,52994,0,0
18,108358,115989,117918,53331,496,0
19,117379,127266,126369,56591,29305,0
20,122958,137476,133402,59161,35994,0
21,127654,149684,141162,65132,43746,0
22,139329,150383,150426,65384,46759,0
23,148775,167768,164068,69695,51025,0
24,158359,170912,170297,75271,44407,0
25,171171,184457,183654,77277,56829,0
26,182764,201964,208312,82500,57741,496
27,195098,204668,198095,88351,59194,12517
28,216824,229874,222060,96899,63936,29933
29,217567,262264,238118,101628,63740,40865
30,244699,269124,265149,107376,68593,47887
31,265342,267493,265442,122979,72740,49818
32,297090,295459,296265,129689,84019,53204
33,270418,268232,268684,128667,84339,52513
34,262104,260580,257403,133769,86510,54124
35,272817,274049,275753,149230,96381,60171
36,273260,273064,275887,163785,104663,65168
37,273641,266079,265464,173083,106498,69092
38,255029,264055,257224,170720,105680,67866
39,272984,274508,287524,205616,127431,77918
40,271755,261545,263789,193143,126319,79111
41,269335,269510,270974,217457,140778,85853
42,287454,287434,287610,257416,159910,90794
43,274133,273838,275973,268275,167179,95195
44,254804,255946,255509,251731,160542,91819
45,251254,260881,256798,241447,171621,94113
46,249813,243375,245781,243698,181008,95488
47,249743,246828,245804,247974,188957,117535
48,266866,266062,265304,273592,213573,123160
49,265358,265211,267364,264936,224090,127560
50,268273,267194,265492,267738,263598,137743
51,266166,267202,266474,267073,265256,146604
52,265694,265836,267791,264538,266634,159372
53,267280,266381,265811,268002,266236,172595
54,266605,266530,265841,266995,272091,182813
55,291012,295850,294222,296436,286809,218321
56,244137,245728,245486,243642,245609,200246
57,263637,256688,260059,265458,265522,218725
58,272792,274940,272020,274045,275825,256853
59,263394,262229,264790,265583,266621,265058
60,263797,265667,263826,268515,263867,261735
61,265723,274293,265117,268653,267086,258484
62,267140,265129,275335,266060,265332,268100
63,267076,268783,269442,266627,267234,272854
64,265262,267716,266676,260155,266703,267356
65,272049,242944,238541,254202,256623,262093
66,289969,302737,306844,300614,290807,289006
67,260462,253189,257612,260318,268403,255896
68,300912,305170,300732,307672,307607,306135
69,263906,261442,261649,268345,265099,263634
70,257265,257942,257085,257965,254584,247823
71,243421,242752,243226,242755,240260,248907
72,261457,269582,261576,256407,263938,264975
73,264510,262835,268075,270565,265611,265672
74,265093,265518,264371,262635,265485,263158
75,261904,263619,261528,260871,263554,260703
76,273153,263470,272716,261069,263326,272068
77,266328,266928,265558,275648,265697,265231
78,266647,268609,267281,268009,268897,265726
79,263497,274184,273777,272346,269786,271322
80,273267,265990,268352,277116,270311,277940
81,272232,264188,264266,263918,265583,269053
82,266785,267825,267037,266699,266695,266155
83,262732,263976,263173,262707,261325,260808
84,262038,262982,261067,271725,261809,268356
85,264861,264842,263195,264332,275300,265664
86,263747,263669,262083,270701,263956,272645
87,265977,266819,277019,267432,266249,265592
88,295878,295655,292142,292454,291836,290675
89,257659,256433,257540,258288,261564,260615
90,266583,266218,263000,256386,259709,256840
91,266498,267671,267399,275307,265531,265643
92,265169,264174,265575,265807,267156,268923
93,270237,269484,269194,266620,276065,267630
94,266024,265406,265897,265800,265042,264584
95,262734,263148,261704,265793,264760,263399
96,267024,266999,268999,266122,267173,269240
97,269909,269651,267848,270061,270551,269248
98,262792,264328,263418,263062,262684,260730
99,278257,278557,277551,263085,261740,262740
100,253716,253936,256358,265034,265519,264397
101,267354,267837,267835,272900,271706,274673
102,295420,293278,292682,288728,302883,297090
103,264227,264975,264732,268167,261533,276032
104,252478,251563,254164,253869,252938,250529
105,255690,254966,254699,253499,258125,243965
106,261458,261783,262115,266117,263694,265103
107,258601,257470,258034,263154,263305,263552
108,266764,267720,268045,270716,270447,270640
109,260300,260054,261729,263541,263757,263272
110,269052,267756,280273,270018,270303,271048
111,263032,261959,264913,275279,264750,265128
112,262652,272795,264739,255433,266213,266127
113,266110,267466,268638,262533,268849,270217
114,289406,287387,287846,284443,283251,291169
115,300182,292153,290290,286718,288340,293629
116,256064,256964,255735,256049,251847,255928
117,267813,269102,268635,268149,268910,271303
118,273044,274318,272985,273336,275349,275880
119,260349,254390,258803,257321,259788,255486
120,278012,277801,278523,277070,278210,281894
121,269716,265873,269566,265809,269884,272062
122,250228,248819,249095,248751,248251,255383
123,251892,251366,254368,252191,251820,247118
124,265815,266829,267823,266709,263825,272820
125,265399,263498,263671,262639,263353,269911
126,259534,258715,258451,259857,258828,262921
127,258299,258574,258964,258153,260501,309578
128,258923,268903,260546,268351,259749,234826
129,270713,283020,279126,260383,270388,259662
130,260988,262755,273866,269585,269037,256623
131,271432,268737,262358,262644,261808,270844
132,269708,262372,270488,270683,271011,263137
133,266521,272066,263295,276438,263799,268388
134,283886,265459,273169,275936,262559,268609
135,282705,281333,282076,283353,293266,280535
136,271320,271258,274441,269783,265042,273189
137,266512,266385,267639,267282,265646,261737
138,267122,266875,268209,267142,267395,264989
139,268808,272206,275398,269346,266126,272626
140,263023,262355,263900,263663,263675,261631
141,267505,269888,267163,267731,269307,267615
142,269666,267894,267341,268307,267065,268338
143,267510,267592,268534,268075,267353,268798
144,265287,264919,263232,264303,263345,264144
145,267490,270457,267920,268618,268420,269838
146,266960,271459,267463,265444,267614,264073
147,264987,266501,265283,263923,265162,266129
148,266750,267073,265679,266897,265894,267851
149,265876,267188,268349,266709,267172,266656
150,266423,264054,268942,265146,283845,264090
151,266517,269134,270385,267040,274468,268329
152,267255,270502,268631,268250,265836,265340
153,266712,275088,266321,264538,267693,269708
154,266104,269724,266449,267526,266230,270742
155,266681,268621,266925,266869,264554,268611
156,265994,266884,265778,265413,268651,266383
157,265079,266766,267297,266875,264742,266805
158,269017,268424,263919,265756,266821,264841
159,270222,271871,266207,266385,273118,266945
160,269733,267255,268423,266478,269386,267002
161,263400,268637,265006,265342,265103,264904
162,262620,264505,263250,264664,263731,264941
163,259453,265084,266413,258816,259056,260276
164,258960,268740,267603,259027,259320,261294
165,253995,264728,270003,264378,255599,264356
166,268048,265913,261031,275079,269009,259861
167,271683,269520,273235,277966,272727,271826
168,270413,266601,266823,267743,270153,271881
169,278771,264517,263647,264807,261553,262091
170,274695,268386,266889,268026,270177,271548
171,274502,273056,272796,270663,280286,285172
172,270998,268760,270623,270846,278114,265990
173,252181,255847,254026,252675,254042,252289
174,272285,270600,268261,270455,275070,269461
175,262510,265941,266985,264870,265219,265354
176,266574,263141,264366,264597,264594,265637
177,269300,265939,268665,268045,265435,266392
178,268195,271118,268640,270684,268035,263971
179,273116,274325,268865,272474,274786,282926
180,255940,254445,256505,258261,258036,261331
181,264622,263954,269190,263425,264249,248714
182,268884,271245,271814,269881,268232,284881
183,266274,265257,264031,265486,265229,267288
184,264938,267185,266723,264536,266557,268798
185,265025,265951,267101,265539,264947,265454
186,263242,263862,265145,262755,264900,263675
187,267314,261530,262083,267574,267397,260559
188,269015,266818,267819,267628,262097,260369
189,277251,280735,278231,278599,280903,284391
190,254805,256289,255194,255256,256069,251036
191,269716,268305,267177,269440,268673,271107
192,262129,270160,261864,265394,261984,259757
193,267547,263509,268477,262677,268242,257911
194,263858,266086,264863,263437,264828,263395
195,263909,263431,272416,272655,262563,260829
196,270168,269987,264909,266915,268821,260972
197,268561,268070,262844,268711,268689,270565
198,275499,262123,268763,262695,262936,267802
199,258832,266172,263867,266981,268661,261862
200,270692,264137,267767,265568,266173,268594
201,262837,272310,261566,268665,267662,268634
202,267176,265182,264857,266917,269321,259587
203,267766,265545,266043,262325,265961,270729
204,266779,269300,268241,267761,263019,269818
205,265245,262807,264737,265396,265716,269395
206,264784,268294,269333,267104,266135,270099
207,267299,265205,261586,270986,264126,262204
208,267456,265042,267375,265533,269493,274668
209,264261,264625,264662,264253,268106,263933
210,268248,272235,270824,267496,268430,260636
211,267530,263835,264721,266615,261595,271332
212,271694,266220,268114,274532,269059,268338
213,269773,268571,260593,280902,268011,261575
214,266427,263933,266301,265884,263520,270909
215,265663,265960,271676,264024,264992,265085
216,265598,267902,263938,270190,269030,263645
217,267137,265274,264574,263510,265251,272447
218,265137,268903,265893,267824,268824,273894
219,264144,274133,268175,267669,264773,268901
220,269665,269864,263833,264606,272321,260584
221,268212,265339,268831,262969,263449,275309
222,263570,264427,266308,271182,267914,268393
223,270301,269357,263148,265081,267063,265765
224,262375,262149,266992,265692,264287,264882
225,265654,273595,264514,265430,271696,266002
226,270728,262306,268936,269654,258037,266250
227,265152,264757,274312,264721,268537,266279
228,261845,267200,258191,270235,265676,260333
229,272149,265933,274643,273479,268176,268087
230,265686,277028,261803,257867,266729,266441
231,265833,257553,264316,263459,264047,265598
232,264758,265623,265553,265312,264275,268318
233,268356,267196,265298,269174,269035,264895
234,263687,268277,272496,264359,266165,263288
235,266459,265731,264328,271644,268815,268346
236,265089,267789,267706,267448,268673,267094
237,273131,266230,264157,265729,264124,264711
238,264872,265199,265085,265626,265681,271949
239,265109,267495,266694,264058,264822,262024
240,268242,264634,263572,268288,268577,263122
241,263539,263846,272671,264023,265674,268390
242,264800,270350,265916,264564,263930,264891
243,268731,266112,266158,263195,269492,269331
244,265350,266950,266841,271014,265162,265707
245,267117,265802,264802,266506,265609,264443
246,265303,264336,265405,274131,264209,270777
247,266778,260841,266542,259719,266686,267768
248,266697,267442,266500,268138,265790,267312
249,264998,268622,265427,262689,266007,267871
250,262811,269747,268856,267116,267808,275394
251,268008,265794,267499,267929,265706,259785
252,267764,262232,265350,264288,267601,268208
253,264877,267449,265945,270710,267164,267103
254,266972,267812,266663,260812,266363,266595
255,266134,266074,268828,266326,268480,266472
256,266233,267667,265373,269861,266311,267230
257,271527,266285,265570,265385,265891,270542
258,266123,267832,265582,265596,265520,261618
259,266903,263465,264414,265454,264678,264580
260,263511,266443,266134,264863,265974,267380
261,264078,269141,268123,266980,260874,268511
262,272743,267134,268621,268028,273003,268177
263,264286,263897,261429,266741,263061,260440
264,265913,267252,266111,267071,266647,272286
265,269353,269101,269955,267044,269312,262799
266,261303,270108,267347,267266,262521,268176
267,266986,259721,267244,266517,269003,268041
268,266882,270999,264306,263091,263978,264889
269,270078,271286,266742,265752,268739,262870
270,264666,259409,277147,266673,261099,269033
271,263242,262634,272060,265936,269950,261267
272,269381,270561,260050,269762,269009,271745
273,267822,267246,268114,268120,264166,263692
274,265372,266307,264108,264812,267846,268469
275,266936,268106,267782,268796,269100,270782
276,267561,266286,266157,266896,268430,267246
277,263078,264002,264243,263339,264637,261956
278,263929,272257,273410,272338,272905,263359
279,266638,257526,259465,262206,257433,265939
280,267905,267592,268217,261988,269645,268264
281,266952,267588,266306,266956,267057,267567
282,267838,261630,268222,269019,264148,262318
283,269818,275794,265484,265136,261116,267915
284,260755,260910,267187,267408,267624,268806
285,265567,266490,267971,260265,268753,266893
286,266443,277492,265506,276237,265469,267237
287,268095,258416,269389,267702,268930,261598
288,264115,265983,263249,269451,265963,270905
289,270000,266840,268175,268620,270650,263827
290,267155,268970,264987,266476,258378,266809
291,266380,266792,267967,268727,269278,268745
292,269172,259854,259053,261547,270281,267488
293,264438,263934,268088,259651,261920,265286
294,267537,262132,268667,268158,269611,261868
295,262408,267532,269218,267996,267856,269089
296,268014,268391,261790,262241,264404,261709
297,262581,262004,269019,267722,261917,270222
298,267255,267201,268653,268962,270283,269800
299,267268,269042,262889,262399,269843,263834
300,260096,262936,261393,267107,263045,267325
301,267665,263025,265878,263576,263359,265491
302,273254,271593,263978,278509,272844,263686
303,263573,263529,265341,263710,263878,264118
304,261504,260983,276866,262442,264198,270434
305,267807,266327,266929,273685,265108,266663
306,261473,269042,262302,263720,270062,268171
307,265744,271741,267544,262876,263314,267842
308,270942,260397,267344,270693,268418,265000
309,268375,266277,267399,268367,270422,263327
310,268027,268051,266277,260252,264114,269433
311,267951,267865,266742,258711,263645,263883
312,258586,267387,264398,264903,268251,268373
313,265003,264885,266654,265691,262610,267966
314,270872,266552,269981,265645,268553,265823
315,267897,267846,268740,268951,269935,263686
316,268157,260654,267071,261852,262420,268506
317,259899,266653,266283,271978,270726,263753
318,267463,268310,263320,263381,265630,270994
319,268067,268324,268235,266424,266727,263924
320,261792,267195,262038,266960,266881,263090
321,268629,262833,266156,265810,267461,270885
322,266674,267105,266794,264978,269089,268279
323,267696,260890,267406,265100,268171,265523
324,266893,274300,265968,270995,270170,262051
325,265600,262061,270122,260578,267810,264541
326,267299,267885,265940,266739,266722,269650
327,270346,265374,265128,270348,265972,269188
328,261047,266994,267613,267679,264883,262140
329,265165,266762,266811,262755,263508,266914
330,265169,265848,264386,272765,271885,267566
331,267773,267618,267920,263865,266790,262149
332,268670,268859,262452,264533,267088,263699
333,265288,265998,269698,263666,264038,269630
334,268023,267042,268531,269752,266989,269280
335,264794,265091,265415,263736,264350,262798
336,271696,266027,265654,268824,270626,264418
337,275136,266666,264544,268107,266506,264847
338,269539,272743,268537,268393,270009,271019
339,266366,271515,264505,264743,262930,263687
340,259635,267754,269299,268892,268690,268939
341,265928,269600,269805,266974,266608,271596
342,23898,15053,26358,17544,23683,26250
