Interval start,ip.dst==129.241.208.71,ip.dst==129.241.208.59,ip.dst==129.241.208.58,ip.dst==129.241.208.60,ip.dst==129.241.205.108,ip.dst==129.241.209.248
1,49732,47487,48930,48224,48562,0
2,51318,49782,52481,49774,51696,0
3,52322,51118,54147,51981,52799,0
4,52920,50046,51414,49107,49968,0
5,54602,55249,58416,54432,54601,0
6,60121,60244,64939,57109,57561,496
7,64698,63211,67172,60053,60118,11456
8,65224,68017,70396,64481,63570,45014
9,68361,71874,76901,64306,68130,49677
10,74978,76262,78140,67913,75623,51882
11,79713,79796,81851,77019,75880,52752
12,85852,81668,92706,74820,79954,53446
13,90356,88765,94269,80362,89445,55836
14,95924,94479,101897,87500,89274,60644
15,97417,95481,103220,89404,94254,60161
16,107950,100077,109386,95087,99129,64499
17,115977,108817,118253,99515,106651,66522
18,131711,114137,133327,110877,113980,68697
19,131001,122203,131632,117581,121959,73483
20,148322,129897,142780,124495,131227,79805
21,146731,139382,150035,136892,138502,86448
22,157626,148192,158178,140912,153125,92781
23,170778,159116,169342,153781,158100,97637
24,182429,166902,181306,163500,169465,101850
25,186548,178808,187607,173991,184213,109078
26,199396,180730,198002,177922,188945,114832
27,224454,210960,225161,204704,219936,125318
28,220783,211324,222516,211037,218781,135841
29,247239,229244,255143,223335,242557,141219
30,272200,259693,267025,238638,262735,148835
31,271807,264814,278018,262999,265807,158518
32,266348,265673,266023,265943,276303,173205
33,263187,276510,265743,267329,266382,181313
34,273451,273673,273710,283343,273594,190581
35,288664,284384,287450,283325,282532,216469
36,276205,265806,274043,265425,266496,230300
37,269054,266556,271484,267560,269043,233601
38,260863,268861,265839,257513,277326,251231
39,265585,262464,259161,265387,252761,247557
40,256842,263338,249726,252642,267071,258188
41,266896,275829,282535,279146,270538,279923
42,272098,274132,275506,278850,265046,273891
43,276288,267133,265891,280809,282889,262687
44,270212,280858,278427,274162,274885,276178
45,268841,259755,266882,258115,259491,263191
46,266877,274723,265586,270120,269756,277248
47,265373,268132,268101,266280,275514,276862
48,268312,267620,266230,274663,267371,265125
49,256939,265235,256447,257373,259239,258773
50,267412,263327,269774,276838,271768,267272
51,274062,269597,272930,258702,267363,276339
52,265930,257926,257113,264226,257532,264985
53,266456,272619,266878,267749,271449,260277
54,267468,276483,266150,266306,262057,266058
55,231415,236513,233702,239628,239382,239781
56,300562,305363,307843,301493,302520,302014
57,256940,259888,267520,257850,257632,257526
58,268198,267043,275469,267148,274857,266011
59,265395,266149,259689,266217,258848,267109
60,267707,266246,273889,267055,267521,266188
61,265167,269809,257135,279756,272525,274288
62,266091,270478,276385,262213,257623,257790
63,275536,268502,264830,275264,275336,272516
64,265696,269174,258180,258602,265943,267956
65,262392,264610,275785,266761,261070,258994
66,262756,268234,267634,267791,265786,267254
67,266216,264301,257673,265174,265692,265063
68,265938,267329,264900,265722,268686,267341
69,267496,266898,275122,266005,262573,266940
70,274096,274474,256859,267079,265998,275195
71,258155,259040,268241,274353,267291,258600
72,267114,265203,265620,258857,276191,274384
73,265563,266389,266085,266306,258578,257440
74,267567,274360,266744,268023,266069,266518
75,266181,257678,266548,264322,265277,265438
76,265050,267720,265664,266158,266620,265996
77,265422,266432,266786,266686,265558,266618
78,268090,265893,268005,267769,266386,265046
79,254507,261562,265877,263411,266065,266408
80,283981,271502,267865,268502,268619,267542
81,260053,266921,265795,266770,266325,268062
82,267497,263769,265531,265154,265651,262912
83,264448,267700,266245,266461,266976,277188
84,273455,266919,267116,270128,265383,258418
85,260931,265657,265757,264025,266451,267581
86,256313,258146,261417,256999,258191,258086
87,274775,265763,265968,266092,266717,266486
88,263207,272713,273705,272458,271495,272807
89,279175,274937,273895,273300,273861,274675
90,259064,268502,267446,270911,272967,269169
91,267382,267672,266640,267406,267530,267238
92,265521,267345,266732,265701,267928,265190
93,267470,267273,266977,265705,268450,273841
94,267499,255449,266343,258941,248234,269256
95,266574,277607,266738,275387,279496,267607
96,266036,266165,265446,266386,273066,266628
97,266742,266148,267164,266621,267247,264332
98,265508,264944,266349,264281,266768,267656
99,230552,263867,227637,231828,229207,267307
100,269084,267470,271212,269467,266500,266315
101,266216,266897,264895,263621,270398,265708
102,265768,267709,268492,269415,260081,265618
103,262922,263356,265821,264282,273280,264287
104,263602,268001,266125,264917,267009,266722
105,265469,265869,262822,267590,261908,268232
106,273642,266902,264845,267046,270398,266014
107,265372,267702,268671,268652,269420,256513
108,264310,266450,268173,264784,262706,236386
109,266341,265168,262932,270303,260753,271209
110,284788,267206,284819,270598,273765,266536
111,285275,265397,283147,266338,262756,264707
112,265208,265223,270958,268096,263396,269032
113,272347,269059,269866,269940,273398,268128
114,266218,267143,261716,265421,289121,265733
115,265609,265724,270082,266132,269852,260984
116,261506,264148,266116,263697,267231,271711
117,270865,268477,267901,280243,270808,260380
118,266038,267055,266961,275134,270950,265984
119,264675,265671,264882,272855,259654,270905
120,261745,265546,260264,268870,272735,268431
121,266457,265447,264770,270342,261736,268597
122,275968,268495,277565,270004,276283,284172
123,260592,267866,266740,267617,272921,278902
124,262254,263795,262916,256299,261653,270736
125,267804,268919,267355,275739,262324,265706
126,263730,265494,262235,261024,276762,267177
127,271324,267873,271724,262500,265998,263345
128,265924,262273,262717,274903,265800,271928
129,262243,266354,269069,259940,257646,256547
130,267920,270915,273278,265489,266548,266274
131,272716,264972,270357,266373,269398,268523
132,257480,267485,257288,268322,270501,267158
133,278378,271947,277082,272726,268134,281325
134,261987,262948,266492,262690,262131,262865
135,264918,266501,260695,266441,265741,267945
136,265789,265115,268833,265540,266607,266979
137,262238,261932,261684,262461,261344,267408
138,266906,259901,260606,270886,267955,259760
139,263114,260507,265771,266466,261433,261826
140,267620,268667,265916,268251,266073,270618
141,269706,268819,267288,270601,270785,268119
142,267625,265498,260345,265261,266461,267723
143,267097,265991,269483,268544,267353,265576
144,261046,265263,270144,265052,266052,265006
145,275190,274311,270245,272050,271706,273123
146,265554,265378,265684,266029,265492,266319
147,261805,262258,263471,262290,263250,262005
148,263089,261906,259385,260626,261515,259955
149,269584,268886,271419,271492,270425,270450
150,264774,267839,266289,263904,266330,264660
151,268564,268113,268730,268478,266037,270904
152,266151,267652,266464,268745,267570,267774
153,266896,263961,264689,265476,265404,266031
154,266625,267538,267707,265532,268001,266773
155,264008,263086,263429,266217,263438,262375
156,267996,268389,268868,269011,270629,268957
157,267782,268218,265334,265051,264438,266246
158,264591,264347,268301,265050,265207,267330
159,266888,268518,265174,266932,267795,266671
160,265207,263680,265854,267878,265613,265288
161,266352,268039,266626,263598,265293,265959
162,266295,265341,265518,267588,268242,267802
163,267911,268713,269165,265891,267812,265622
164,267414,266202,265975,267238,266440,267930
165,264099,265087,265502,266184,265279,265868
166,266838,267547,266860,265493,264918,264554
167,267103,264596,266048,266672,267142,267992
168,267647,266643,265969,267364,265579,264956
169,265474,267688,266479,264449,266494,266892
170,266432,266635,267214,268355,267744,267998
171,260302,261396,261607,259689,261379,262707
172,269424,270297,269881,272978,270056,272662
173,271457,266559,266339,267340,265613,270460
174,270269,270159,272463,269119,272821,272512
175,252101,261767,255164,254663,250570,254851
176,273648,265276,272611,270618,274636,275319
177,267055,266820,266067,267531,268540,265414
178,259539,260349,257697,261195,259024,256634
179,272833,271472,271571,273865,269280,273214
180,272499,275486,276601,270866,275900,274495
181,270033,270679,269830,272446,269983,270216
182,267721,267844,267882,264830,267092,266367
183,266947,267452,266812,268735,267952,269137
184,268791,265983,268587,269470,260700,264724
185,264868,268154,264949,265254,262335,269444
186,265144,264979,265281,265359,267947,265962
187,269942,269049,270160,270050,268774,268378
188,259643,263081,261677,261528,262367,261751
189,268645,267146,268570,264350,265929,266308
190,267345,264479,263747,265171,266960,267150
191,266044,270308,268373,269645,267616,265865
192,267146,269808,265378,266900,266097,266752
193,268291,261963,268007,268800,268628,269324
194,265167,266326,267423,265563,266218,264414
195,266507,267840,265684,267159,264620,266543
196,266910,265749,264709,266478,267031,266680
197,264209,265117,265543,262418,263636,264304
198,272885,263004,272488,264589,272312,272118
199,258649,260843,261747,254545,261930,262971
200,263119,264456,263492,270166,259916,261625
201,266712,263083,264829,265507,265578,264740
202,273539,271332,270294,271325,271155,268669
203,265739,267861,268476,266168,268113,270381
204,253915,260932,262006,265906,255919,254827
205,275285,269896,268220,264302,276254,277199
206,266963,267553,267219,269196,267623,265222
207,267877,266856,266523,264797,266775,270713
208,265459,265554,264826,266978,265509,260411
209,267388,267493,267990,265452,266058,268374
210,264929,263612,264960,264404,255235,266320
211,265291,256340,266618,265925,276519,264573
212,266715,278482,267685,269513,267839,268219
213,268759,260295,266757,268271,267108,267577
214,264898,274264,266790,266641,266690,266685
215,258736,265696,257196,258073,266089,265936
216,268377,268724,268756,272155,267502,258613
217,272178,264488,273986,268224,265615,274250
218,271245,260302,266710,255996,265995,267992
219,269501,263021,265540,275386,264609,263827
220,267264,270539,267081,266889,259579,266072
221,266155,270544,267207,257628,265760,268955
222,268824,258070,261694,267192,275451,266825
223,257640,276058,269172,275369,264770,257959
224,274974,265457,267552,256283,267868,265240
225,266646,266936,258088,277433,265739,274820
226,263216,265496,273974,259397,266743,267649
227,257332,257014,265311,263163,266256,261869
228,278212,277859,267479,275385,267237,269087
229,265847,257093,265060,266770,266308,266605
230,264589,273798,266339,265131,265438,265876
231,269219,268150,259091,266622,267969,268435
232,263619,254398,274559,266061,266438,264738
233,266556,276676,267293,264009,265695,267386
234,260095,259545,257814,268564,258631,257107
235,266260,266293,268914,259328,264431,271315
236,272306,265203,262425,267572,265356,260804
237,257465,264183,266437,264356,267284,266971
238,269391,268765,268071,268295,268868,268368
239,264698,265398,273700,272176,265548,265179
240,264000,267005,256395,257935,263807,265436
241,269043,266260,277178,267767,267086,266579
242,275462,266399,257551,266645,267576,268452
243,266798,267184,267462,267033,274937,266531
244,262971,264111,265623,264024,257571,264791
245,261650,267437,265140,267252,266157,268234
246,264672,266984,268238,268682,267909,266285
247,268480,274019,264106,265378,265151,264409
248,265507,258519,275875,265234,273885,267445
249,266501,266873,258989,268451,267981,267285
250,265647,265121,275022,264535,259982,271771
251,267632,266767,258232,267473,263732,270330
252,272630,267109,266726,266308,266868,266968
253,260246,266186,266252,265857,268699,266741
254,264903,264869,264281,267728,262680,264066
255,267904,267520,266670,265674,266769,269432
256,262482,265354,265353,264441,265116,262687
257,269296,268427,268113,267776,268519,269974
258,265600,264663,266430,266430,268015,264742
259,266046,266908,267059,266289,265018,265153
260,267390,266467,266779,266669,268078,268033
261,269957,267381,268478,268576,266599,267133
262,264438,266939,263928,265619,265223,266214
263,264897,265824,264620,263265,264346,265405
264,268149,264879,268081,267905,268689,269128
265,266697,268549,266118,268097,265267,265108
266,263626,264145,266155,263858,265962,265931
267,270062,267900,267110,268104,267993,267760
268,262248,264042,263078,263344,261297,263550
269,268361,267400,267394,269152,268727,267245
270,266915,267134,266271,266857,267682,267221
271,265368,265397,267848,264637,264435,265380
272,267123,267436,265191,267818,266801,266268
273,265921,266278,267694,265845,268179,267101
274,267647,267113,266381,267451,265928,266241
275,264176,266174,265506,266333,266430,266656
276,266556,266862,265613,266542,265549,266554
277,267937,266478,267992,267287,267644,265845
278,268674,265327,265719,265529,265448,267945
279,265136,265868,266343,266697,266000,264711
280,264254,265865,264557,264820,265783,265511
281,269824,268143,268691,266467,267378,268022
282,265716,267393,265592,266743,266090,265930
283,262607,263418,266102,263278,264637,265291
284,270218,269082,267850,269660,268692,267530
285,264561,265762,265292,264709,264413,267882
286,266181,265868,266846,268000,268183,265375
287,268132,268654,267115,266786,266094,265884
288,263132,261613,264506,265791,264984,265827
289,269499,271006,269528,267469,269665,268668
290,265780,264701,265240,265506,267017,264989
291,266158,273062,271531,273961,264889,265418
292,265942,259477,261356,259716,266035,266702
293,268680,266857,265159,265474,267211,268690
294,266234,267255,263282,268965,265322,264581
295,264896,266308,267853,263310,267561,267600
296,269627,267795,268998,268267,266398,266361
297,264261,264018,264341,266137,265416,265527
298,264545,268985,268058,267014,266624,266560
299,263577,261021,262393,262919,263547,267602
300,272088,264588,271734,271107,271480,272926
301,266250,271130,265076,265116,265244,258971
302,267554,268764,266211,267659,266697,267260
303,268997,269777,272329,270161,270981,266777
304,261454,261180,260940,261053,262355,264629
305,267440,269777,265734,270022,267640,267743
306,265502,260401,266807,263116,262937,266771
307,266378,267694,266744,265614,268140,268727
308,265737,266695,263129,266442,264955,259314
309,267128,267573,269407,267710,264389,269682
310,266930,265708,263569,265305,268302,268085
311,263380,265456,267628,273165,266928,267168
312,273823,272987,268158,274720,269894,268508
313,260198,259521,264183,260231,263016,262278
314,257632,259588,260299,250349,259961,260550
315,270353,271988,270784,270144,265995,268639
316,275427,272920,274853,272447,272262,275807
317,62942,72286,52759,67121,71921,62054
