Interval start,ip.dst==129.241.208.71,ip.dst==129.241.208.59
1,0,0
2,0,0
3,0,0
4,0,0
5,0,0
6,0,0
7,0,0
8,0,0
9,0,0
10,0,0
11,0,0
12,0,0
13,0,0
14,0,0
15,0,0
16,0,0
17,0,0
18,0,0
19,0,0
20,0,0
21,0,0
22,0,0
23,0,0
24,0,0
25,0,0
26,0,0
27,0,2231
28,0,7013
29,0,7575
30,0,7878
31,0,7878
32,0,8014
33,0,7958
34,0,7878
35,0,8014
36,0,7878
37,0,7878
38,0,7878
39,0,1332
40,0,0
41,0,4386
42,0,7878
43,0,42889
44,0,44688
45,0,17973
46,0,27562
47,0,8614
48,0,8750
49,0,19006
50,0,30625
51,0,22517
52,0,32957
53,0,41276
54,0,55588
55,0,51169
56,0,86633
57,2621,203922
58,7629,52173
59,7942,62559
60,8126,93233
61,72906,88610
62,43559,138000
63,8614,175752
64,8856,132769
65,8132,157283
66,55447,172231
67,8614,224976
68,20204,199652
69,24845,161762
70,41566,397705
71,32201,118596
72,61638,143492
73,46488,203916
74,53044,209888
75,107234,217107
76,115652,306048
77,120121,307966
78,184220,317841
79,91170,210504
80,128493,321457
81,218023,185022
82,135851,295112
83,191407,260006
84,211675,264048
85,213398,240088
86,302738,229764
87,214103,237704
88,224856,209820
89,247463,215428
90,239432,199338
91,230892,212532
92,206946,199057
93,214282,190902
94,187962,174730
95,188397,191051
96,200999,186294
97,191153,196277
98,186759,181553
99,193800,191580
100,188857,189228
101,198002,197000
102,198601,160862
103,184407,206486
104,158751,148480
105,181859,181422
106,191244,194984
107,185099,206043
108,187140,183468
109,196117,168469
110,170395,165367
111,191370,218712
112,207838,176501
113,142827,131872
114,207057,231353
115,177237,180177
116,186649,179449
117,171419,181147
118,190065,150074
119,203177,205614
120,180440,176697
121,164526,188128
122,176547,174890
123,206186,178248
124,149857,140529
125,178951,182097
126,167562,192124
127,178036,147027
128,209602,215531
129,182113,180391
130,165562,159551
131,162206,186703
132,217636,193101
133,168517,142024
134,169842,221981
135,197886,167930
136,159513,153725
137,170513,181739
138,177693,159156
139,195720,228363
140,183076,148825
141,167648,164226
142,179410,179009
143,211624,219021
144,154235,146887
145,207187,211726
146,152906,167749
147,198082,177393
148,153932,153082
149,179305,175891
150,180170,176894
151,177390,198785
152,182431,144500
153,173306,205095
154,176568,169991
155,176398,145089
156,177671,202512
157,181613,158188
158,172645,194818
159,195080,168509
