Interval start,ip.dst==129.241.208.59,ip.dst==129.241.208.58,ip.dst==129.241.208.60,ip.dst==129.241.205.108,ip.dst==129.241.200.199,ip.dst==129.241.209.248
1,0,0,0,0,0,0
2,0,0,0,0,0,0
3,0,0,0,0,0,0
4,0,0,0,0,0,0
5,0,0,0,0,0,0
6,0,0,0,0,0,0
7,0,0,0,0,0,0
8,0,0,0,0,0,0
9,496,0,0,0,0,0
10,8929,0,0,0,0,0
11,34458,0,0,0,0,0
12,45465,0,0,0,0,0
13,48604,0,0,0,0,0
14,53367,496,0,0,0,0
15,52521,20148,0,0,0,0
16,54942,41266,0,0,0,0
17,59930,45018,0,0,0,0
18,63175,47649,0,0,0,0
19,67382,47462,248,0,0,0
20,68477,47984,1312,0,0,0
21,75207,50942,16769,0,0,0
22,81891,54185,48884,0,0,0
23,85615,60233,54149,0,0,0
24,90042,62271,57313,0,0,0
25,96865,65634,51779,0,0,0
26,104636,70284,53574,0,0,0
27,110775,75647,57956,22963,0,0
28,119719,82432,61456,51141,0,0
29,124614,86492,68430,55782,0,0
30,129190,93639,66013,54261,0,0
31,139768,96696,76096,52995,0,0
32,153174,103466,83961,56172,0,0
33,163794,111163,91649,56095,0,0
34,173303,120053,92895,61293,9215,0
35,185231,131389,91947,65196,34606,0
36,207431,129944,105643,68672,48576,0
37,212715,141610,108878,69723,47622,0
38,224145,153518,126414,75758,54508,0
39,237843,165157,121174,84334,52468,0
40,262649,177277,140793,87433,52157,2268
41,262909,183627,143251,96204,61514,16865
42,267157,201647,139736,104291,62915,41820
43,267372,219570,144498,106536,74445,50774
44,265509,232559,169159,114591,74175,52515
45,266326,243360,196499,120992,76777,53805
46,265937,259363,198481,119099,84279,51649
47,266841,262161,182812,147165,94919,52260
48,281068,284315,181175,161925,113309,78329
49,260715,261093,166804,131327,88964,54976
50,264809,264013,219889,143110,95360,57001
51,267898,269891,202485,154574,118364,66694
52,272026,270989,193562,152076,134179,76056
53,268145,266872,178819,160832,117670,83409
54,265669,265763,211564,185454,128636,80553
55,266069,264900,244685,198677,136942,81112
56,265700,266227,234066,197997,173639,79358
57,266586,269625,230096,196388,163563,98157
58,266805,266635,204713,183715,176710,101173
59,265785,259603,233217,209327,213832,123991
60,267569,280604,253976,203547,180334,123694
61,267745,268669,242443,232308,194956,129993
62,259620,258045,274452,217048,235966,136523
63,280269,275373,259537,200138,248915,142556
64,263508,263915,287662,229787,252685,141854
65,270686,268704,266421,238957,247875,173441
66,265971,267321,299618,256017,262000,162309
67,268405,261308,255295,259298,275089,178947
68,261696,266663,276166,264866,269839,187459
69,263865,269170,244546,281424,302258,211536
70,267128,264587,235563,282180,265097,213174
71,264856,267599,265778,260688,243836,241048
72,264390,267989,254951,258724,261757,241425
73,273230,271017,273009,250513,277049,255015
74,273669,275532,274278,220874,270540,268336
75,266381,271649,263231,253713,252731,268168
76,264211,259156,278310,227680,237429,273660
77,271966,279776,267682,215012,235162,271325
78,267231,265968,268803,255128,234306,265642
79,266892,267863,263227,248722,234213,272931
80,262879,275709,285024,300290,241922,269342
81,267639,261638,272134,226962,253461,266552
82,266237,269956,269624,257693,284456,292137
83,265781,272919,269797,273651,268310,272451
84,267790,260772,271154,274433,268377,274959
85,269440,265489,269974,246232,258244,269680
86,269533,264377,265460,282773,249732,267998
87,263915,268050,271085,253899,264773,268505
88,265793,270811,265447,251646,256543,267787
89,260735,260803,273083,273309,258676,272905
90,273286,280940,266868,271084,279897,280910
91,282561,281613,278537,283709,271709,287115
92,248881,251480,260175,254661,259776,257685
93,262763,264740,266040,277880,284836,263768
94,257290,258675,254937,236078,246411,244020
95,266436,259852,264712,244126,260782,278574
96,253815,262658,251134,287896,253677,280153
97,273277,273964,274279,259116,251098,256326
98,263462,266267,282985,263930,245629,280689
99,269883,271082,269024,262873,228332,273432
100,266120,260406,268665,259721,233429,256512
101,267772,272936,269245,267603,223035,274782
102,266595,266768,259131,248624,233562,255911
103,260984,263561,273372,266112,199245,240067
104,272308,269031,270404,275428,194997,269747
105,262378,270779,269622,265328,226677,265731
106,268141,267891,266349,258094,188922,268529
107,267552,271000,274246,264502,195239,269314
108,266806,266550,266032,271440,194857,274847
109,265091,268275,270738,278035,190027,268527
110,297239,263753,267390,269055,195580,277320
111,250107,271000,276372,260360,221210,262405
112,255257,265922,262421,278921,216606,266939
113,253966,267407,270286,267888,235015,266671
114,275439,258009,266614,252919,235124,269116
115,276956,289082,274197,278895,240802,271100
116,276074,246614,265437,257641,230738,264013
117,267140,260839,268676,276574,234425,312229
118,263582,266006,275788,255352,219300,257677
119,270298,265636,266034,273885,242215,265214
120,265414,276780,273861,263738,232591,268267
121,261373,261370,286283,270857,232770,260589
122,274176,275843,247503,282018,249653,263829
123,261368,261711,273811,271594,247793,294054
124,268834,266361,259224,269469,248548,254784
125,268973,275163,271179,261551,235507,276334
126,264004,264307,266914,256074,277111,276781
127,263193,279523,263703,290352,240383,253632
128,269341,273651,273049,249069,244589,274091
129,270434,272423,264532,261914,236169,260534
130,266888,264826,272366,275707,292348,254017
131,269440,276471,273940,278062,273319,271949
132,261075,260282,281397,264958,255079,283626
133,268538,268368,279703,288324,280439,277516
134,261729,263091,263948,261254,282642,262665
135,256011,259301,256167,251665,204956,256643
136,269939,271518,259785,253937,217333,252907
137,268498,271281,262531,279180,235328,271315
138,267175,269512,274609,271476,226034,267939
139,266605,267059,285736,287470,212173,267239
140,267003,271329,265382,261590,203784,270145
141,272122,268165,269021,248213,202688,268316
142,257970,266653,270423,271473,217868,266892
143,267604,265680,268704,253916,209775,269046
144,268240,265214,272951,279637,206479,302413
145,264558,268605,269141,267516,218018,260775
146,266873,262959,269588,276370,207002,266301
147,266209,267032,266857,272803,205738,266914
148,268291,269078,269754,262539,243695,260675
149,267408,266549,268516,257173,203484,279686
150,267084,265965,267523,272868,220973,278844
151,266285,272172,268140,283531,234634,251745
152,265222,267316,269763,266441,231629,275840
153,266762,268321,269103,270152,230219,278271
154,264698,267198,265119,266454,206246,252571
155,263499,266841,266786,265656,206578,273735
156,271449,271333,269046,251603,259272,241814
157,266387,265627,266708,269634,248658,264034
158,265485,267038,268862,285335,263298,273807
159,267717,268774,268896,272744,265492,267631
160,265721,264597,266926,235919,234107,266441
161,266279,267946,270564,288034,229766,271050
162,267120,266445,270524,278277,235072,266580
163,262656,264869,264461,253645,227876,269794
164,268887,268819,270823,271218,238271,267162
165,266419,268087,267228,263532,252878,267956
166,264924,264045,270454,248205,222252,269943
167,269242,270755,269717,249904,223631,268874
168,265562,267229,265890,269362,225108,275533
169,270587,273294,274849,287407,253150,290125
170,257439,263862,260298,233569,217878,268409
171,263294,266493,270649,231543,239039,274911
172,272574,272670,268434,236188,208240,242529
173,269135,266544,268988,212296,227483,286723
174,263237,266927,270638,246852,215872,281509
175,267874,265666,265473,256527,211379,246927
176,265256,267379,270094,245548,211703,276085
177,267665,267827,268401,243850,208411,278239
178,264566,265601,269097,224016,227183,247626
179,267174,264495,268126,198314,222558,279497
180,269196,269702,267750,252203,237727,258329
181,266004,264543,271275,257738,239986,249465
182,263811,264655,271162,262751,229520,264759
183,266500,270451,269368,290935,267081,272609
184,266533,269718,268658,274787,257401,265664
185,260449,260623,260103,255469,233743,261071
186,272260,272381,270637,264393,272365,271250
187,273011,276377,277051,268939,257642,284502
188,270333,274666,271949,297802,246667,285248
189,267430,272043,268688,284270,252896,272033
190,265846,269655,271114,255477,227863,270895
191,268310,268951,267534,272973,218304,270282
192,262801,265337,265967,285274,226879,264290
193,269736,271171,269707,261465,255529,272350
194,276640,276260,280765,287108,241339,280378
195,253772,254666,253082,239332,246164,270304
196,262449,261415,264846,281555,247098,249006
197,271014,270935,272739,261159,240451,264682
198,266443,268467,269944,268168,241550,288172
199,264565,267802,265891,273766,259320,248414
200,268054,267312,268826,256268,266018,278132
201,269466,272877,268745,290046,278350,275891
202,264199,267600,271333,256382,266682,252186
203,267732,267971,269127,245983,266128,274083
204,264827,267519,269597,285778,261208,280119
205,267820,267484,267657,260592,265831,252601
206,264555,266699,267982,268803,262754,264432
207,265164,267957,266598,271914,274046,269917
208,268644,266736,269286,262893,248463,271509
209,266976,263772,269398,268810,235353,267489
210,287194,267663,266773,281435,250872,267181
211,238746,265215,268176,262347,234099,268722
212,270485,265410,270199,249633,233746,273591
213,268830,269582,270537,277565,239524,262564
214,267041,268512,266178,245605,223359,269457
215,267193,270722,268484,276329,222770,266170
216,264426,259836,267373,259657,199105,273846
217,266799,270670,267761,267444,222789,269103
218,258809,269307,267616,279982,235181,269253
219,271983,267633,272378,271222,256288,266136
220,269648,271637,268290,266983,240819,268194
221,266421,269012,267524,275092,218217,266777
222,264798,264806,264381,264328,234347,283740
223,266471,263996,267963,270041,235097,232579
224,264470,270753,272528,262628,269385,287474
225,269164,264560,269417,271729,252929,283272
226,264803,266571,267225,260537,242108,250142
227,268170,269568,268996,281439,228902,276546
228,262761,263791,266453,246940,227133,279905
229,269744,265573,267855,271222,235956,246420
230,267125,268692,269220,272769,228711,276840
231,256239,269523,266176,275277,206778,281493
232,275172,266441,268391,271528,210310,250037
233,265113,268925,270478,251410,231637,265502
234,267708,272305,267429,265301,241648,273273
235,268764,263846,263647,276166,223039,267218
236,263672,272533,273831,273531,236767,267698
237,265006,266837,265788,272925,241569,269138
238,273327,264587,270393,267822,239881,268073
239,269472,266118,268398,261713,232209,270130
240,266356,265119,269365,245304,239538,266490
241,267265,263857,270509,276926,233875,270762
242,262763,270474,264959,281953,236943,266674
243,265666,260384,257162,255779,248247,268614
244,268554,272365,274257,271395,250932,269190
245,265214,267594,268507,263430,222330,266842
246,270138,270588,267182,276307,270016,288868
247,266706,265552,270023,268149,281457,251481
248,263124,266781,269186,280167,259449,270942
249,266720,265644,262570,248120,259215,269474
250,256474,273139,276954,291844,274079,249164
251,279224,269522,265483,271362,285992,283925
252,258664,261039,267970,258661,253345,285218
253,269991,273139,268779,263012,260073,248960
254,266291,265202,266285,278916,235989,271172
255,259563,254913,270258,266007,247591,284342
256,272855,280687,281404,260937,244653,244564
257,265905,266274,263929,256178,249402,273572
258,265637,266352,251352,260808,211751,263227
259,261921,259394,267012,281481,193613,261801
260,274065,269688,290814,255243,204421,269019
261,260618,265880,263078,273443,199465,269762
262,272829,267518,245463,287980,205141,266388
263,260326,271229,274272,259479,177092,265308
264,272495,268459,273720,255781,219533,270462
265,269038,273804,267380,278781,216304,265729
266,263138,268085,270041,269196,247339,271447
267,261052,263280,264679,248202,236015,267852
268,261801,267936,266733,275982,248143,264500
269,269857,265460,270823,273649,266788,271315
270,264410,264438,269615,249921,253352,284293
271,262621,263771,264061,270113,245436,250309
272,270147,270196,273938,275476,231890,275508
273,268999,267075,264209,267366,239474,275604
274,265246,264703,268769,274373,250285,243253
275,268670,268395,269990,255370,244260,283578
276,267404,266184,264357,280227,217436,281885
277,266233,268855,268632,271638,215328,248862
278,264483,268358,269687,257411,221972,273829
279,267756,271922,269092,273218,264333,272566
280,264295,266390,265041,267747,248975,248086
281,272791,270165,270914,260393,233900,286247
282,259491,266161,268701,267943,242876,269118
283,267290,267458,265956,270638,236329,252682
284,264870,264568,270020,290265,237020,263652
285,267254,267513,267355,264548,246891,275449
286,265274,266454,271049,252134,230461,261045
287,268102,267757,265260,277085,223884,269483
288,267158,265030,269339,259726,218012,267274
289,266021,268491,265709,279305,249786,268675
290,268784,267152,266667,266412,229867,266138
291,7331,7263,9881,7952,4790,4340
