Interval start,ip.dst==129.241.208.71,ip.dst==129.241.208.58,ip.dst==129.241.208.60,ip.dst==129.241.205.108,ip.dst==129.241.200.199,ip.dst==129.241.209.248
1,0,0,0,0,0,0
2,0,0,0,0,0,0
3,0,0,0,0,0,0
4,651,0,0,0,0,0
5,25999,0,0,0,0,0
6,43468,0,0,0,0,0
7,47290,0,0,0,0,0
8,48938,496,0,0,0,0
9,49781,6756,0,0,0,0
10,50186,38870,0,0,0,0
11,56110,51221,0,0,0,0
12,59343,49392,0,0,0,0
13,59790,51426,0,0,0,0
14,64965,52705,7902,0,0,0
15,67100,52776,34161,0,0,0
16,75390,60963,47892,0,0,0
17,74493,59104,52317,0,0,0
18,75391,61488,51560,0,0,0
19,81764,67001,55346,0,0,0
20,87114,71083,57397,0,0,0
21,96445,76235,58126,11503,0,0
22,100446,79103,64557,35837,0,0
23,105003,87573,72421,47984,0,0
24,115367,89601,75267,47956,0,0
25,119984,95414,77379,47434,0,0
26,127297,100288,88061,53465,0,0
27,137686,109091,93279,55627,0,0
28,153945,113848,89235,57271,1028,0
29,157464,124735,110316,60383,26215,0
30,175778,132437,108683,66770,46027,0
31,181590,138744,115350,69042,48432,0
32,194791,148444,129081,73964,54567,0
33,202408,153497,144404,81948,54237,0
34,215759,164613,139463,80600,50947,3488
35,237594,171939,149506,90607,62563,32422
36,245347,185613,182627,94112,59655,44178
37,267601,200022,176173,106605,64326,47999
38,263499,210130,192677,112508,69631,58769
39,267040,222809,189275,111380,84157,54661
40,277183,240044,197126,120701,81158,58540
41,263642,264459,242128,156945,82499,62631
42,267003,272317,255059,149393,92199,66165
43,264578,266562,255964,149702,114936,70309
44,268565,264897,243587,160323,112398,73680
45,266931,269313,244634,174816,113012,84821
46,264830,256465,253184,194412,121549,89606
47,269090,274377,239713,195241,140481,102703
48,255845,249153,233315,182817,133233,93014
49,262096,280995,263459,217169,143008,111034
50,281912,274594,243408,205954,175741,124543
51,271058,273150,271912,233486,189008,125342
52,271577,271160,259473,236953,188883,120751
53,263759,270200,250005,253656,182228,135980
54,275728,278116,242558,221343,190301,138585
55,266863,261070,229170,241097,198876,136297
56,266333,272887,257321,266265,199749,158505
57,263634,261410,232453,215476,229244,176687
58,265245,270842,269248,216381,204982,184192
59,277424,263654,262730,221331,204769,180501
60,269497,267708,275281,217206,206435,179274
61,265037,267646,276555,256284,229030,199419
62,263904,257396,272418,273363,282096,224755
63,261803,264862,275417,262781,255174,222708
64,262796,266691,270222,256149,244317,249769
65,266063,267504,274444,262665,260165,259822
66,267574,267551,259343,265346,276510,264243
67,277794,274595,267583,276253,261089,267697
68,264146,261643,239618,261955,275161,267020
69,265708,277621,238915,237315,270116,267726
70,275590,281528,249443,286335,270134,268639
71,267222,263906,273288,260243,254968,267556
72,257667,268779,272359,241877,289888,266998
73,267423,272728,265974,268096,262856,267512
74,278229,261334,270347,248557,270813,267357
75,257005,266733,267318,246778,278696,271579
76,280214,268620,285306,255156,265180,282630
77,271645,267237,279051,274820,255175,277859
78,276984,264656,270607,264402,291371,268700
79,261209,267166,274622,280982,270062,274320
80,267709,266634,270537,267947,280520,267179
81,267315,266123,269415,267753,262394,267271
82,266393,268221,273032,286680,250613,269268
83,265721,269183,263472,256743,260530,267929
84,267792,269242,269206,251463,267857,263103
85,266680,267824,267898,270677,271557,275783
86,261310,262529,267840,272846,225387,266447
87,265866,268206,267539,262006,265507,255317
88,267707,268071,267433,269159,266660,269849
89,267127,269801,270648,271463,266426,238867
90,267968,269328,267427,274426,256326,263107
91,271873,266183,268297,255026,257872,280909
92,269198,267324,272386,269524,272538,266361
93,260244,257138,260598,257707,276871,254396
94,266398,267949,272284,272397,274801,271292
95,272390,273446,272968,277606,268031,274732
96,268261,271791,273579,269404,279416,261121
97,270051,266500,272930,263321,270049,278791
98,266096,267265,269484,257742,248095,267659
99,264844,268349,266847,279399,292286,270855
100,267189,268183,268811,283836,267382,263167
101,268564,268957,268823,260263,263422,269614
102,264813,266677,267691,286251,258098,273130
103,267062,269212,267282,274687,269835,262392
104,263596,267411,269261,259649,274585,266869
105,264055,269836,271003,272881,281192,272004
106,254874,267441,265148,263303,278782,265975
107,253173,265467,271904,258904,258543,274526
108,268219,267757,267698,263149,269487,266788
109,265571,266974,266290,276252,264882,266514
110,264909,217499,269716,265582,279814,272370
111,265032,268348,265448,259647,256098,268172
112,267340,267154,269941,280854,271448,263684
113,268573,270977,269667,262633,256759,267560
114,265651,263536,266242,258448,267528,278128
115,278177,289500,251607,236336,273850,296605
116,273332,282758,273634,212161,254071,253105
117,269516,274086,269813,236303,275873,265958
118,270870,275559,275406,241037,278462,259544
119,264411,273597,267315,233020,287738,262123
120,268108,265858,273699,234332,283910,290713
121,263446,264125,266012,227132,257823,251541
122,266603,268320,268489,185655,263951,268283
123,263626,270890,268808,192462,266931,272794
124,268196,267198,266504,233637,273119,261862
125,266255,261701,264781,228352,263810,263917
126,271069,270966,276267,207129,277890,290416
127,267879,267661,274042,232289,260464,280838
128,267336,266090,272990,210666,271176,268850
129,263929,265628,267029,228321,270529,275887
130,261941,259183,259413,219837,269849,245503
131,265259,261361,261195,204812,273056,268494
132,269041,257609,257090,261708,271417,271435
133,262917,267524,265624,257760,276365,260267
134,270024,268297,270494,258229,266270,268726
135,267514,279995,270632,271447,264382,278046
136,264963,275515,268158,282359,265343,266568
137,269255,272232,270960,243791,267949,263750
138,263354,263516,276859,264057,283429,282133
139,258842,257304,263471,280318,247571,255836
140,268753,271003,277978,250307,252742,274315
141,267285,274740,277332,280739,301870,266517
142,260615,259126,261107,241016,260430,265340
143,276987,278985,281803,298875,281472,284270
144,267878,271069,269488,279133,281652,274076
145,266046,272491,267178,265576,237258,259092
146,265380,270616,267025,263935,230613,275378
147,266922,269592,269067,268343,268515,271847
148,266129,270146,267879,260630,287888,259706
149,263231,263692,266598,307095,282469,288936
150,267210,267289,271394,256105,264619,281510
151,268468,271052,267070,254114,264109,263689
152,268871,268192,271238,275386,241771,274756
153,265234,265916,266190,263826,279547,265846
154,266109,269405,269696,243178,263124,260009
155,265721,261241,268063,239284,293490,274987
156,256239,255216,267029,244248,248959,266045
157,275156,278338,277340,249400,258123,275009
158,269479,268001,263780,207724,267941,269758
159,265434,267166,270026,271325,274043,265402
160,269409,265946,268880,270652,289083,261974
161,264810,265460,268042,287081,261935,267371
162,266082,267702,267209,242550,255224,270238
163,264339,267129,269362,246579,273166,269492
164,268874,270488,269535,263734,263169,266314
165,265342,269758,267651,240808,279905,267962
166,263664,265220,266193,280094,274640,267726
167,267927,263428,264289,268599,239176,270486
168,265967,266886,270609,244196,265075,260743
169,265208,273825,266555,245550,290805,262222
170,267995,266396,274375,295442,283668,272354
171,266772,267571,264857,272187,245844,265978
172,267351,266384,271022,256278,267038,266946
173,267375,266804,266157,275744,272462,266220
174,265556,265081,267003,291401,284410,270877
175,266822,265875,268657,254200,284327,252510
176,265736,269924,273358,251855,258305,278847
177,264324,266064,258991,267327,259008,263708
178,268705,272479,278042,262380,291800,273136
179,253415,266614,267914,250614,271477,258756
180,279229,266757,262038,248732,255137,271693
181,265549,265901,266588,244296,264514,263309
182,264504,278225,273918,233266,270238,272230
183,270303,267949,265251,263932,270177,265130
184,261777,246937,261959,290691,243909,272962
185,258652,277337,268077,267874,275908,254017
186,280167,272713,275611,254639,279968,281972
187,268621,272758,276270,251255,254945,268805
188,275192,273876,274976,283678,322592,269837
189,264644,267439,269499,283378,278182,261100
190,275044,261689,274414,244545,251840,265423
191,254761,265422,265023,238441,276081,270391
192,261631,270143,263721,267992,266018,271202
193,262837,257881,275965,241896,283380,249942
194,275179,278999,265668,296481,278769,272149
195,271887,275673,269107,270754,245036,265518
196,258877,263101,257891,256267,280779,272069
197,272869,270794,278738,275995,255677,282163
198,267516,270998,268338,253400,247767,265325
199,269284,267053,267644,260662,230271,250776
200,261001,260930,267460,283164,223914,275985
201,271220,271965,271092,266236,274508,281527
202,261886,264754,258948,262606,218086,246406
203,266285,256522,273971,246492,232835,278321
204,268490,279096,269621,291024,235655,279377
205,265586,264564,262491,270170,262752,248211
206,263527,265936,272143,252169,231422,266597
207,261699,258937,268716,283898,270979,269757
208,263411,268550,274810,259913,255086,274798
209,277730,275860,262169,285735,293381,273885
210,263690,265858,270858,256199,248728,261394
211,264426,265956,269699,261737,265479,263291
212,258132,262319,253707,268101,249970,270610
213,269272,277513,280858,265278,232008,275125
214,264252,260726,263189,260206,230529,265256
215,276092,272240,269341,273380,228681,269872
216,266643,269836,278289,277017,192254,270914
217,268565,267972,266184,266455,223602,267215
218,256545,257087,263106,269785,216878,268313
219,262543,262562,265368,250034,236194,284460
220,275353,267785,271535,267220,279245,249393
221,260548,275690,268659,271838,266045,261662
222,274604,264803,267314,273445,267792,259495
223,267259,259635,272363,260849,287088,286982
224,266321,266850,264849,251768,233946,265850
225,255170,271052,267155,290368,244585,276234
226,262486,266197,270663,264854,280086,258632
227,270091,272363,270518,281659,274347,272097
228,267501,272380,268321,262081,272331,274976
229,267853,262091,267321,257001,242619,253103
230,267143,271185,270491,276320,248109,269051
231,260629,264845,262003,257431,225062,267095
232,275169,269499,273978,262907,234005,273663
233,259216,260527,267105,283863,234598,269034
234,268716,268549,268685,253331,235503,254799
235,266910,265897,262819,270299,263997,272717
236,269947,270607,275433,266089,251551,277061
237,270449,271612,270371,276832,244140,271644
238,255965,258295,259791,258736,256105,258283
239,262303,262473,270649,277262,233942,270773
240,270585,271887,269537,259467,206746,271208
241,270486,269461,272647,262529,256420,269524
242,267425,268637,267164,271022,222258,273884
243,260935,267048,266617,274815,247796,271792
244,269130,271115,266782,266389,228949,255964
245,266028,267519,267762,252126,174365,255618
246,266615,266757,264568,286819,204747,275380
247,273248,272882,276809,276288,249106,280290
248,257982,258989,257488,259183,252783,263563
249,267846,269672,272540,266509,254865,278257
250,268035,265650,273814,266782,218941,253367
251,265450,263598,268885,264390,216873,274617
252,269509,272301,271256,270947,192297,281813
253,264277,265071,267988,275304,225045,247791
254,263727,266027,269722,261117,222625,274135
255,271146,270099,271062,264148,228104,262529
256,265279,272462,266095,289182,241666,269449
257,266276,271420,270674,265880,247544,273270
258,266383,268128,264404,249594,227190,276925
259,266719,269095,268367,278006,251659,254884
260,267264,270466,271240,268639,245846,257588
261,262627,266641,264882,266329,238377,278520
262,264457,264668,268779,268793,223982,268906
263,270393,270898,267678,270147,208598,268481
264,265616,263225,269277,267330,197128,273846
265,267325,267796,271041,267904,195209,268142
266,267164,265966,265209,265253,224373,268072
267,265762,266534,270447,270932,224439,267226
268,267433,266730,267731,269535,219870,272094
269,263589,264432,268361,268120,220446,269209
270,266464,268674,271060,259451,238020,253852
271,266043,267460,265719,271939,226672,268330
272,267844,271240,267107,275999,211139,278093
273,266124,269397,266819,263522,169491,269757
274,264592,269447,268442,249345,210697,271721
275,269732,264623,272110,274314,193951,266798
276,265557,266894,266010,269812,186648,278057
277,266475,272442,269230,266341,205756,254244
278,264478,266489,261411,255185,212095,276303
279,269223,263005,270004,257106,204218,279801
280,262042,267313,268449,272530,234426,256238
281,264124,265781,267422,282780,203135,268574
282,270196,267232,269027,269023,193531,272070
283,268889,269705,270238,284238,208839,261851
284,262870,264480,272629,246837,232453,270408
285,265117,266731,266613,272217,211522,280747
286,142348,140515,136872,135394,101071,127679
