Interval start,ip.dst==129.241.208.71,ip.dst==129.241.208.59,ip.dst==129.241.208.60,ip.dst==129.241.205.108,ip.dst==129.241.200.199,ip.dst==129.241.209.248
1,0,0,0,0,0,0
2,0,0,0,0,0,0
3,0,0,0,0,0,0
4,0,0,0,0,0,0
5,0,0,0,0,0,0
6,651,651,0,0,0,0
7,28365,28225,0,0,0,0
8,40867,43243,0,0,0,0
9,43593,46028,0,0,0,0
10,46859,49660,0,0,0,0
11,47676,49838,1418,0,0,0
12,45135,47170,32316,0,0,0
13,52132,54489,45077,0,0,0
14,56113,57679,54850,0,0,0
15,56723,62122,51561,0,0,0
16,60599,64514,59800,0,0,0
17,66319,69166,55147,0,0,0
18,69335,75669,57139,2268,0,0
19,73567,78425,64508,30426,0,0
20,74695,81998,72378,43596,0,0
21,83608,89509,76279,51220,0,0
22,84851,89994,77840,49460,0,0
23,88044,96658,86494,53838,0,0
24,93330,103850,92489,53414,0,0
25,98767,110961,94029,59497,0,0
26,110451,118567,106584,61786,21384,0
27,112238,124280,118855,64247,29389,0
28,128054,134380,107550,73181,46213,0
29,131579,141461,120948,71777,53042,0
30,139469,144277,134250,84689,50895,0
31,148782,160612,130923,84573,47910,1772
32,155094,170821,147810,89468,51620,21353
33,172831,176712,147970,93265,62408,39511
34,177306,190840,150720,101432,59953,47305
35,189274,210763,168173,101284,64938,50393
36,202969,214864,172711,114531,68449,51641
37,214923,233609,159990,120469,81037,52129
38,238497,241381,201611,141487,82374,59162
39,246494,267162,201783,149427,80967,57504
40,267589,250217,209807,140591,68295,62711
41,217766,290725,198792,140869,95485,56743
42,167858,209213,297131,159317,104241,62503
43,232334,200153,192313,196587,99783,77614
44,300389,300645,134110,103649,100463,60002
45,159951,199074,242419,199207,99851,99658
46,139869,200096,231937,200008,152162,75756
47,127771,200743,199423,200047,147981,123924
48,272152,126003,200580,199946,100392,100002
49,199911,144776,168885,199897,186563,100482
50,200672,228855,156659,200221,113440,99743
51,200116,200008,195195,114540,190312,100274
52,147891,199865,278943,164405,109472,99423
53,151448,200354,100364,147650,199575,200027
54,118197,199840,179067,200913,200393,100709
55,181703,115956,120024,172523,209949,200005
56,100841,184235,110618,200538,289454,111467
57,199635,199343,189800,168008,55024,188381
58,199956,200976,145207,131473,145857,176034
59,199532,122459,155199,199948,199834,123802
60,99877,176923,200160,200086,200370,120753
61,200760,200595,198988,121771,99503,179134
62,199436,199809,121792,177978,100187,199717
63,120566,99916,178187,200580,199668,200743
64,179689,200152,101099,138646,200094,171931
65,232688,199343,99944,140187,199788,127867
66,167746,209717,199752,120389,200646,100455
67,99904,200629,199768,200397,199444,99629
68,99499,189939,199618,199979,200271,106380
69,200189,199602,200352,105552,99663,194110
70,199833,105492,99995,194701,200623,199554
71,99758,195058,200212,200042,199785,105106
72,200158,200072,199400,170508,34748,195034
73,100364,88314,200056,229399,181454,199861
74,199493,111129,200724,103827,183880,199792
75,100331,200299,103746,196021,200040,200524
76,100038,103279,196306,200290,199355,199898
77,99809,196861,199553,181204,200580,121553
78,99931,199286,199563,118893,200176,182281
79,200184,200839,200449,200023,98311,100330
80,200400,199216,200470,104298,100995,195041
81,199202,105017,99294,195031,200178,200601
82,99894,195266,200147,200103,200163,104272
83,201131,134132,200104,168549,99831,195545
84,198926,165660,104686,131479,200320,199691
85,182791,21797,195374,200386,199493,199977
86,155386,178483,165150,99950,199816,200676
87,161819,199747,135339,200254,200873,101694
88,200541,200974,199094,101645,99729,197755
89,200464,100533,100498,198150,199520,200234
90,99890,199503,199589,200264,200853,100618
91,199384,198907,200001,102306,99558,199668
92,199632,100637,100146,199258,200269,199258
93,200047,102084,99811,198574,199695,200133
94,191964,197624,110426,99289,199907,200283
95,108676,200042,189554,129341,200146,173000
96,200057,149803,199823,170648,152077,127132
97,199237,61444,201104,200181,235617,102434
98,200868,188880,99719,199560,113380,197645
99,199264,199464,102027,100571,198574,200141
100,101722,100127,197478,199518,200819,199401
101,198263,200661,200735,199965,100399,100329
102,200393,200143,99052,101858,199088,199686
103,180570,120243,100545,197981,200355,200416
104,21289,178836,300019,142790,157560,199428
105,197691,200529,100383,157903,142441,200493
106,200047,100899,99553,200267,199002,199444
107,100387,198959,199422,179194,200408,122067
108,199969,199763,200669,120116,101389,178186
109,100232,199931,199916,102052,198250,200011
110,199027,100887,100414,197927,200979,199962
111,100625,199438,199211,200442,199217,101185
112,199882,200035,200891,200240,100390,98758
113,199811,199807,99563,100042,200197,199983
114,100658,100709,199969,199243,200290,199721
115,199857,199527,199831,199803,100369,100592
116,199561,199094,99684,100097,198847,200009
117,100402,100885,200449,200337,200465,197238
118,199886,199727,199578,197953,99485,103146
119,200651,196403,100832,101951,199697,199973
120,99784,103503,199358,199919,200220,196829
121,199393,200065,199818,197262,100802,102777
122,200250,196313,99924,103051,199632,200069
123,100611,103936,200358,199781,199490,195348
124,199961,199783,199503,193663,100602,104636
125,199542,191644,100922,106705,200343,199803
126,99411,108196,199663,199533,199838,194139
127,200726,200027,200138,192804,99685,106571
128,199437,194299,100152,107620,199439,198959
129,100229,105763,199319,200319,200736,192690
130,200246,200919,199779,191453,100162,107712
131,199635,199770,125665,74917,199873,200573
132,193359,100029,174447,132938,199916,199141
133,107325,199135,200381,200504,192778,100078
134,199655,200179,191574,99982,107420,200886
135,192487,100544,108888,199511,199345,199368
136,106973,199371,200085,200275,192879,100591
137,200843,200329,192563,99745,106904,199144
138,191147,100286,107301,200507,200139,200082
139,108665,199692,199208,199587,192151,100435
140,199859,200203,192306,100177,108243,199762
141,192335,99615,108488,199697,199687,199550
142,107074,200702,200238,200242,192287,100154
143,201015,199048,191613,100341,107623,200089
144,191136,100462,107972,200081,199833,200398
145,108560,200480,199815,198965,193076,99263
146,99959,200033,199906,191032,107967,200892
147,200091,189836,100320,109555,199620,200188
148,100246,109807,199225,199880,199394,191727
149,199296,199695,200925,193376,99946,107363
150,199801,199675,192501,106973,100566,200261
151,135850,158242,106671,199393,198452,200575
152,155601,142532,200296,200429,101337,199882
153,109206,200028,200263,200410,190010,100092
154,199621,199939,191608,99772,109617,199614
155,190539,100153,108770,199311,200759,200375
156,110161,99390,199798,200714,199681,189767
157,199800,200032,199364,191313,100092,110100
158,177169,200149,114897,108719,199585,199702
159,112125,100436,185215,200081,201028,200539
160,110360,199223,199915,199078,192484,99492
161,200451,200712,191152,101010,106384,200237
162,191113,99237,108661,199774,200901,200362
163,108161,200080,182516,199559,200164,108817
164,200230,200336,92162,200623,115513,190820
165,199895,199899,117789,99977,183385,199775
166,190144,100588,108205,199385,201028,199957
167,109454,199469,200337,99715,199244,192347
168,200219,199783,199949,191878,100042,107864
169,200500,190424,99445,108601,200803,200444
170,99834,110313,200367,199909,199192,190016
171,199874,199999,199592,191508,100171,109354
172,100285,199650,190120,108780,200658,199982
173,190455,99489,110520,200178,199002,200206
174,109221,199909,146422,200043,200076,145010
175,200307,200169,153561,199252,90782,155332
176,200183,200742,199755,143624,109776,144575
177,199483,188965,99865,156332,200072,154389
178,100618,110503,199368,200430,199260,190199
179,200116,200508,200844,187486,100149,110312
180,199408,187531,100007,112387,200584,200285
181,187475,111613,200198,200023,99950,199502
182,212938,200231,111323,76346,199536,200688
183,187339,99899,187835,124141,200328,199407
184,112755,200440,199830,199700,199514,84984
185,199164,200234,200577,184881,100839,114572
186,200633,184502,99622,114731,199343,200396
187,99331,115444,200362,199937,200606,184649
188,200423,200132,200294,184619,99517,115062
189,199746,99608,175516,123621,200488,200763
190,187934,195779,24463,192109,199512,199603
191,112252,188336,199122,200051,199997,100559
192,100059,115958,200260,199417,200544,183587
193,199853,199776,200627,183754,99300,116137
194,200632,200365,116232,83646,199777,199662
195,182771,100108,182985,132730,200801,200081
196,117039,199192,200861,200790,182821,99486
197,139384,200912,199590,143864,116611,200398
198,160673,200117,182845,155755,100471,200177
199,182466,99625,117256,200455,199430,200571
200,116791,199677,199369,99502,200043,184552
201,200554,200168,200361,199901,83169,115399
202,131438,199719,199976,152957,116859,198997
203,167983,183700,100165,147186,199723,200917
204,99919,116405,200256,200190,200739,182508
205,180690,200292,199355,199546,103076,117687
206,119820,199374,184169,99941,197138,199366
207,200451,172337,25543,200603,200126,200456
208,105072,103968,190790,200087,199760,199709
209,94886,124412,200430,199513,199609,181974
210,200156,199635,199313,183147,100274,117472
211,99887,200077,182608,117151,199377,200074
212,199379,183225,117847,199304,199959,100228
213,99895,116701,200084,201039,200539,181543
214,200823,200609,199638,99972,181583,118003
215,199662,199548,181245,99995,118683,200958
216,181246,100008,119381,199759,199176,199700
217,118614,200071,199196,200024,182771,99910
218,199942,99387,200134,181540,118100,200459
219,200171,200681,166817,118143,115160,199137
220,199360,81625,133497,200260,184706,200126
221,101003,118282,199854,199191,199318,183230
222,200007,199530,199633,101045,182531,117503
223,199363,100643,200271,181816,117364,199463
224,200281,182191,100161,117711,200363,200266
225,99992,117740,199898,200459,199798,181283
226,199654,153258,200041,200032,128566,118978
227,199764,147068,158843,122736,172220,199495
228,200177,199575,123830,76627,199349,200354
229,200714,181414,116951,199795,100473,199726
230,199969,200681,200290,99950,99684,199603
231,159232,40286,199438,201002,199719,200070
232,40678,259470,100519,198894,200890,200070
233,181573,118697,200372,100192,199404,199983
234,118564,198876,199526,200291,181595,100590
235,199752,200611,180531,100317,118854,199623
236,199996,166418,119107,114555,199971,200204
237,99998,133658,200617,185653,199108,178576
238,199543,199379,199868,179684,100536,120832
239,199646,200014,81132,119302,199773,200766
240,200353,184439,119077,196190,200478,99546
241,200066,194917,199779,104549,99394,200553
242,100176,120704,199908,199668,200326,179120
243,199461,200786,199800,180673,99577,120293
244,199991,175840,100533,119856,200758,200283
245,201054,99829,100337,199937,199274,200191
246,99098,124304,199118,199813,200683,176931
247,199850,199265,184373,193453,100111,122607
248,200067,200247,92994,106559,199954,199912
249,176683,100155,123364,199720,199633,200421
250,123543,200280,199539,200375,177779,99204
251,199686,199274,177571,99425,122285,200980
252,177968,100821,122669,199747,200116,199256
253,123009,200147,168765,201060,199338,107459
254,200041,199959,131569,128493,146467,192970
255,199676,199461,175783,70988,153949,200052
256,178030,97455,124173,200110,200352,199878
257,122036,102800,199668,200088,199633,175499
258,199432,199930,199653,177379,99584,124647
259,200784,176610,100253,122866,200236,199538
260,99087,122789,199745,199498,200739,177683
261,200141,200706,200666,176187,99444,122787
262,200922,175321,100088,123798,199743,200410
263,99011,123907,199672,200040,199849,177641
264,200336,200667,200230,175738,100865,122182
265,199669,176952,99169,124528,199764,199511
266,100203,122528,199953,200086,199940,176965
267,200667,200580,100017,200005,176298,122659
268,198960,199631,177917,99879,123382,200016
269,177024,100601,122489,199537,199832,200431
270,200114,200113,199493,100511,100721,199492
271,123734,199292,200497,199844,176201,99969
272,200033,199699,176411,99649,124119,200555
273,177272,99901,123969,200402,198914,199456
274,121982,100882,199546,199893,200425,177304
275,200448,199628,199627,177600,99922,123170
276,199379,178234,100238,122339,199832,199510
277,100285,121807,200722,199920,200728,176202
278,200901,200010,199270,176340,99882,124299
279,199392,175992,100411,123436,200093,200404
280,100410,123835,199306,200765,199322,176587
281,199622,199973,200012,172650,100405,126473
282,199825,199641,200631,103683,99912,196979
283,200309,176435,99650,123224,199507,200042
284,175192,124146,200681,99971,200541,199956
285,25033,99488,99752,100282,46851,0
