Interval start,ip.dst==129.241.208.71,ip.dst==129.241.208.59,ip.dst==129.241.208.58,ip.dst==129.241.208.60,ip.dst==129.241.200.199,ip.dst==129.241.209.248
1,0,0,0,0,0,0
2,0,0,0,0,0,0
3,0,0,0,0,0,0
4,0,0,0,0,0,0
5,0,0,0,0,0,0
6,0,0,0,0,0,0
7,0,0,0,0,0,0
8,9269,10924,10417,1139,0,0
9,38835,38312,38484,20152,0,0
10,47971,43909,46824,43544,0,0
11,54037,49841,50711,49812,0,0
12,52343,50822,54517,49847,0,0
13,51376,53181,54046,47893,0,0
14,48448,48798,50788,47942,0,0
15,68370,63560,72785,55896,496,0
16,62961,60955,64762,54101,8643,0
17,67360,72640,76460,64983,35331,0
18,65280,72771,74623,63205,44633,0
19,74433,76962,84470,66583,48291,0
20,84682,81845,92788,67950,48500,0
21,81982,84890,85257,74860,50215,992
22,87238,94625,92372,78623,50313,19129
23,90121,89787,93849,80366,54782,45317
24,98021,91128,100178,79139,57276,50011
25,115107,112801,100904,89332,59133,51257
26,128640,124064,145909,103261,62595,52117
27,133177,131407,154493,101202,66843,53203
28,132081,115108,147827,109340,65713,54039
29,149444,142596,143140,116609,78497,64328
30,147849,141986,136827,112654,82388,61874
31,182245,150187,168830,134784,86915,70183
32,169738,156663,168644,135711,87498,72917
33,186640,155885,192875,149257,103873,80002
34,200186,172697,214313,158284,103500,78745
35,163753,194185,200772,158838,105132,81063
36,187207,185105,159207,153780,105736,90860
37,166058,146962,173584,165461,97330,75497
38,187291,148746,232688,202251,111012,109486
39,257815,271882,256322,243342,143761,118108
40,243175,233562,249003,295470,155868,118532
41,290691,254310,224001,284413,176969,133949
42,278845,228078,225290,253623,167986,123882
43,225116,195207,250954,271969,170400,131594
44,248532,204242,270348,288767,209494,156475
45,264880,218509,247732,260293,212711,160694
46,253508,234138,263018,260318,214276,172162
47,246737,235539,262684,281726,255786,183126
48,265904,227133,265387,280241,249967,177053
49,205488,173943,240632,253082,233274,158371
50,194130,193910,196615,218686,180228,165196
51,227229,218887,247016,296648,226452,190001
52,264717,275493,292704,229672,373260,308540
53,277343,265069,325398,189098,334158,332849
54,256387,223267,305992,241358,283897,263506
55,202653,184557,245880,252034,226891,234602
56,289634,247709,268902,293863,279979,293634
57,232926,223793,275043,258466,278242,288699
58,208824,201690,262992,261134,271924,262662
59,274243,216823,297448,269166,251736,278091
60,299195,201289,266586,232010,271507,260359
61,228785,248566,295519,219809,257207,252556
62,209290,228435,262349,187791,247876,260360
63,184445,211101,244989,230322,253775,271361
64,203683,228713,270500,293435,286720,288139
65,230712,257690,302016,273968,288951,289877
66,191567,195243,271447,269587,288470,259597
67,190891,188739,253941,255678,249265,242975
68,172260,216144,263109,293249,262036,275127
69,154381,223619,267059,241371,266612,267848
70,179978,204719,254709,253897,285193,273129
71,209028,221286,270024,230446,257697,255901
72,184672,240256,270226,261779,264848,257677
73,203655,237196,250705,266476,265858,280269
74,173330,223134,241377,303715,275909,263009
75,156950,240457,258916,230384,248335,225883
76,172821,239523,289369,235610,259985,298136
77,223768,208853,259494,188057,254734,209435
78,228671,215253,302053,284341,304121,303661
79,200011,187804,263769,255311,259501,287940
80,203536,195416,269813,279982,252509,281344
81,190467,220483,242672,265973,278180,247707
82,193078,218202,293567,269948,266022,289167
83,182089,198834,268591,270137,259522,272726
84,223990,212505,275841,247018,267865,246360
85,199275,188917,267420,310376,265167,268313
86,192907,237774,262891,239926,261430,267639
87,182916,205890,258369,234177,267471,262779
88,183333,208953,234633,176406,214781,259650
89,173157,240133,227675,268324,194248,272952
90,185447,265549,222883,278471,273927,260567
91,210501,262089,337628,269304,340664,280192
92,230790,245264,307632,261422,266545,252570
93,211184,260624,240124,249737,255876,279448
94,214432,250000,255095,229832,263144,258968
95,204599,227053,286961,260438,264323,268076
96,208899,248457,279044,297922,266715,266971
97,213461,233755,249531,307230,247990,258651
98,205769,221682,277346,275506,268628,265307
99,200361,227077,279541,286432,276725,268277
100,214530,221940,276785,281744,268433,273064
101,205407,201929,247414,291356,212358,196865
102,226969,218600,292907,297591,281017,280062
103,224393,275601,268889,252397,284696,264989
104,222473,247471,336167,295300,298975,315991
105,259107,259967,288214,151691,276904,252393
106,271381,290255,266799,237853,255217,282540
107,274430,286096,268385,266668,271227,258838
108,295987,269827,271791,289842,264506,253552
109,229946,254003,263294,274560,262358,277776
110,268462,286500,269235,266256,268123,283783
111,256885,254565,267549,258058,265162,243098
112,248243,273711,270050,282202,261516,267991
113,253352,234321,229046,189428,249988,240587
114,245057,255891,214135,283841,216720,250346
115,242600,195261,220435,280487,227664,251402
116,291470,306216,319287,241998,313806,271792
117,307540,332233,320063,112728,333888,229104
118,231560,292638,292331,97472,268958,248696
119,280584,260465,278247,97004,259677,253468
120,268594,298218,274595,98552,266096,295854
121,289483,274319,265979,96645,266396,279384
122,270626,240666,270791,99807,264746,310219
123,271439,246344,269944,102356,263349,259141
124,246794,268442,237551,102484,267074,302476
125,219437,261221,253560,98810,269901,268654
126,214682,264972,270661,154418,259388,235618
127,248345,271460,251854,243992,259371,234569
128,193082,266129,295215,247923,276088,260068
129,194312,255560,278072,289476,252548,225038
130,207746,282579,271312,251251,264238,248697
131,207521,266894,281238,254507,256980,218230
132,199532,279323,270777,255780,272260,237165
133,202708,265406,251490,225554,276066,308982
134,226071,238678,290622,272245,265394,269421
135,229566,297824,261984,256864,280550,262045
136,217275,214822,235625,311574,260229,285232
137,281313,290306,287417,245666,273548,231990
138,238907,246496,270174,221891,242676,244922
139,230621,258013,236691,253282,244401,215893
140,259904,261111,253755,240362,243249,232086
141,202463,277053,276096,308773,274663,263698
142,269279,258535,292316,258463,289256,250801
143,227950,214968,294046,240663,288076,247191
144,229917,218003,243626,280017,238487,285988
145,209006,196771,239665,277879,237924,282116
146,218274,212474,274212,220279,285288,259516
147,234919,202175,269080,265305,271829,370904
148,200953,187556,260678,244729,262134,241101
149,213392,199469,290324,274326,265372,290019
150,185769,197918,257496,258634,251730,269971
151,188860,171841,279348,240117,268656,255373
152,160522,164647,258007,296267,258320,283925
153,166358,140164,276374,196376,265526,207609
154,181704,160375,268988,287302,260197,334818
155,191522,147266,259227,276012,285713,264548
156,187580,153375,267170,250378,282450,227268
157,195989,182922,269535,263806,256574,298054
158,207628,177516,274848,277484,267650,296259
159,195551,169622,262105,285707,269663,225199
160,213382,181361,264191,257252,268113,250511
161,235438,169268,269593,254257,258331,268420
162,209845,178763,265087,260009,260343,302029
163,214673,203021,268498,204708,258982,257124
164,195563,140817,233003,198845,198133,209409
165,243686,182286,222134,262044,236813,206379
166,247451,209641,307325,292052,300539,315325
167,240771,191522,282622,265150,274718,215984
168,251844,187389,282042,286223,237366,361272
169,237149,204725,267496,259753,251281,225617
170,264395,186947,270473,277281,263602,342283
171,252184,171733,255134,280564,276307,244349
172,245682,245501,262197,344665,271513,282638
173,275159,229983,280969,236074,271448,278406
174,265840,210656,288995,234847,260097,279102
175,270844,233174,273778,222893,269665,269114
176,236822,199299,243085,246801,252375,248423
177,249549,214885,248524,240224,278187,261125
178,264791,287551,221349,283852,258628,276114
179,324391,245879,334833,267617,290948,280857
180,242034,227341,284244,247353,280036,228056
181,275093,243980,267588,246209,264732,253943
182,302058,253550,273045,260917,264138,276237
183,228847,218729,266813,241266,261808,298889
184,176979,217378,251801,257109,261463,289309
185,170505,192044,292693,277024,273615,252228
186,185095,197825,267427,274304,275161,242972
187,204291,211635,265322,242789,252361,282981
188,184743,199322,238178,232104,234882,287979
189,209760,209833,217360,223161,260623,227369
190,208435,156141,231975,236802,232164,222627
191,191164,178472,317481,276395,315702,374889
192,102753,100937,296759,234613,279091,243557
193,171973,177033,290956,267167,270594,240975
194,144200,193569,270902,327173,277252,236413
195,197580,226227,288835,257592,271746,370328
196,215102,174556,261301,251782,255180,264906
197,116387,170577,262906,215203,271981,219375
198,158763,163882,252844,221551,261750,212207
199,170887,206031,280218,268965,251972,275774
200,150062,217041,268206,273014,240885,312902
201,120615,163743,267364,315756,272480,236388
202,147553,158325,256613,221163,250704,118594
203,172552,191498,282454,294146,287039,123298
204,170212,153410,273952,231236,269451,158147
205,184809,143785,258758,236683,266891,172475
206,169705,171346,255881,246206,273171,175215
207,160015,163802,269583,244477,259578,173675
208,160429,161461,271496,255160,253488,173880
209,168402,128168,257499,269870,270306,169302
210,157830,104312,270574,367130,269735,167890
211,179122,126072,270282,199526,257233,168118
212,130942,121485,268695,286772,268952,229088
213,152441,92363,267904,299953,264309,253690
214,125626,102306,260043,284013,263365,233912
215,152394,105527,254922,234459,220774,216372
216,234264,124662,228703,270473,266873,259907
217,192886,173284,230751,240489,294340,246887
218,166164,148862,255551,290844,276756,282145
219,174068,162306,347362,256466,271836,218520
220,157187,115192,311999,188365,270347,207942
221,276390,147701,222062,245458,267097,283786
222,194764,188374,232430,210473,273304,246237
223,198585,132208,290392,181594,257951,263169
224,195669,178640,341834,270514,268412,200130
225,182939,164824,258608,278188,266504,220806
226,181742,189742,232170,317751,264002,242702
227,187912,160568,139451,217256,238412,235504
228,188201,141197,201171,256614,282039,229861
229,219634,200345,211417,254627,289455,440794
230,200060,199796,214165,222067,240578,287344
231,196356,188232,214427,212766,209380,215575
232,205068,182336,229549,154123,216841,204288
233,244392,171228,257350,168244,349758,157091
234,184594,175966,230754,206897,200993,200232
235,186005,180315,209741,194958,215499,185857
236,184974,176300,201637,188725,296170,182013
237,174497,170303,209305,202447,291384,155834
238,145805,156574,218743,176580,290379,165347
239,158090,148463,200961,124471,244490,120758
240,195805,160039,215396,190603,301278,202651
241,212900,155556,296239,151868,266736,211007
242,208877,161099,318494,176866,137249,148825
243,139857,128696,270763,150051,110585,147102
244,141358,175523,278347,142018,121886,138629
245,139608,153658,247926,140794,166805,137960
246,145593,187183,270963,140188,180785,129151
247,143921,170629,198764,140029,180904,138966
248,130131,209137,255886,148552,181849,154622
249,155988,212411,236872,159855,169722,172097
250,146182,198780,250488,130445,159336,163045
251,138299,180990,248183,141343,185586,155479
252,131611,194055,193154,134090,247481,156578
253,69913,159795,203909,228717,269547,170013
254,86914,132496,230577,263851,283735,283968
255,126080,129003,263095,262147,247175,284988
256,144039,137022,369430,213088,178310,236613
257,212560,187805,318213,292684,254413,333950
258,150014,178375,272610,223759,224335,247882
259,173409,136886,214254,263524,230948,227027
260,153350,159315,220451,221020,246285,275950
261,120537,133141,269553,242783,239351,294904
262,166575,170293,306021,215084,226631,222689
263,143923,213027,475876,258610,240018,216951
264,103403,116354,169524,159299,194708,225189
265,92780,159348,142660,260028,226217,298894
266,151001,199461,199622,243396,278852,269339
267,111905,194174,267675,220427,283975,240833
268,110744,325877,262086,310028,309701,303594
269,127779,207990,238708,267236,248396,242886
270,136035,193840,207963,266942,244151,305616
271,126612,150479,265696,271994,271635,242245
272,152731,242322,232033,228615,324095,263703
273,153999,195623,313314,326635,214549,197653
274,144402,186527,312491,391655,121720,118311
275,139249,201760,235933,126383,103079,99544
276,142526,232184,249761,108368,104743,146566
277,143975,240566,249058,109798,105330,144947
278,130972,236392,258098,104419,105894,124703
279,42775,81436,39317,41307,35548,62065
