Interval start,ip.dst==129.241.208.71,ip.dst==129.241.208.59,ip.dst==129.241.208.58,ip.dst==129.241.208.60,ip.dst==129.241.205.108,ip.dst==129.241.200.199
1,0,0,0,0,0,0
2,0,0,0,0,0,0
3,0,0,0,0,0,0
4,0,0,0,0,0,0
5,0,0,0,0,0,0
6,0,0,0,0,0,0
7,0,0,0,0,0,0
8,0,0,0,0,0,0
9,2221,2327,2327,1139,1139,1139
10,1145,20377,20258,13573,14326,12442
11,32197,49435,49750,38636,38507,46088
12,47372,55907,55691,47765,51071,50194
13,50144,53673,48212,46584,51000,52558
14,53707,52555,54392,48665,53003,53132
15,51990,51784,52155,48853,51864,53264
16,48787,58846,58333,51856,55478,55889
17,60877,65539,60181,55144,60912,60195
18,67803,64207,63890,58991,60033,63476
19,66351,70355,72915,65901,64497,68011
20,69792,69883,74264,64692,69232,69524
21,66557,81925,82209,68929,69965,75634
22,94370,90049,82475,76966,77530,80893
23,90102,90427,86865,72709,74737,85340
24,86239,81425,89724,77657,80283,83532
25,65398,84715,91670,80987,78071,99380
26,125929,107225,96968,68932,50893,49954
27,73002,50097,76016,100032,99739,100684
28,77312,99254,99978,99534,74360,49625
29,99603,100706,72854,50355,75612,99617
30,73145,49981,76785,100269,99628,100019
31,77161,70712,100288,99280,100167,51514
32,99585,79312,100524,71734,49809,99012
33,100367,71102,49873,78550,99742,100367
34,49170,78104,100123,99700,100428,71560
35,100086,100459,99936,69707,50287,78470
36,99997,99929,18949,80276,99837,100183
37,68894,50622,81282,100271,100307,99073
38,81095,99070,99921,99908,69266,50699
39,100539,100515,68283,50755,80037,99477
40,68783,49437,80703,99318,100514,100605
41,81529,100940,100174,100362,67443,49687
42,99665,99522,70031,49274,82152,99341
43,68596,49831,80351,100919,99654,100835
44,81731,99745,99839,100094,68164,49659
45,99973,101015,67420,49159,82500,100321
46,67160,49593,82410,100294,100122,99951
47,81987,100236,99943,99791,67473,50235
48,100519,99215,68072,50774,81727,100015
49,65822,50768,82838,100069,100445,99141
50,84680,99883,98982,99997,66051,50300
51,99969,100051,66203,49876,84069,99558
52,65356,49358,84711,100055,100219,100587
53,84119,100854,100097,99615,64889,50423
54,99925,99038,65418,50484,85195,99631
55,65374,50899,83529,99223,100107,99296
56,84594,98995,101109,100209,64595,50938
57,100007,100736,64873,49447,84424,99188
58,62887,50184,84433,100658,100913,100783
59,87604,100068,100427,99315,62737,49390
60,100055,99920,61877,50416,86874,100292
61,61397,49635,87625,100673,100343,99897
62,87773,100379,100556,99001,62133,49906
63,100269,99258,61427,50943,87825,100077
64,61477,50017,88241,99066,99979,100011
65,88616,100887,99688,100034,61095,50131
66,99518,99896,60846,50745,88358,99732
67,52833,50091,89576,99381,100386,100013
68,97844,99514,99505,100104,51951,49642
69,100174,99711,50456,50469,97806,100833
70,50260,50079,99739,99538,100255,100141
71,99238,100213,100241,99918,50410,49863
72,100387,99910,49584,50542,99408,99352
73,49925,49614,100275,99754,100306,100378
74,100011,100137,99728,99792,49971,50529
75,100174,99671,50605,50161,99621,99352
76,50182,50833,100168,99839,100344,96598
77,99279,100124,100141,91660,49600,53749
78,100164,93150,49524,58181,99928,99437
79,49939,56031,99480,100100,99785,93924
80,100316,100404,99983,90509,50869,57018
81,100245,90565,50962,60033,99445,99110
82,49083,59361,99804,99610,100371,91376
83,100085,100429,99929,91103,49980,59048
84,100047,91169,50072,59249,99590,99446
85,50810,59056,100035,100060,99915,90266
86,99693,99504,99477,91004,49931,59830
87,99380,89460,50548,58578,100458,100276
88,49952,60129,100028,99796,99715,90150
89,99978,100485,99361,89623,50677,60249
90,100138,90550,50599,60199,99463,99340
91,50069,59941,99540,100548,100265,88647
92,100751,99667,100651,87198,50273,61898
93,99551,88474,49739,62923,99885,99751
94,50429,60860,99352,99813,99385,88103
95,99707,100021,100602,87431,49892,61543
96,99372,86862,49997,62068,99957,100714
97,50017,64200,99978,99998,100506,85887
98,100811,99753,100158,83848,49690,64230
99,99355,83776,49389,66357,100145,100003
100,50478,65632,100464,100573,100013,83029
101,99320,100238,100280,82724,50497,66617
102,100227,83583,49291,67454,99890,100194
103,49901,66664,99800,99439,99592,84059
104,100875,99525,100469,84109,49816,65095
105,99274,84574,50408,65966,99732,100013
106,49968,66125,99738,99916,101156,83233
107,99782,99527,100157,82702,49530,67449
108,100251,83125,49290,67430,100325,99748
109,49724,66525,100252,100472,100008,82445
110,100186,100837,100131,81961,49509,68018
111,100055,83510,49369,67329,99515,99351
112,50134,65574,100942,100492,100179,82526
113,99825,100038,99498,82121,50441,67676
114,100330,81961,50513,67895,99839,99611
115,49579,67843,99087,99650,99631,80237
116,100352,100834,99987,77532,50191,70564
117,100505,77100,50220,73098,99765,99113
118,49138,72479,99844,99303,100759,78175
119,100496,100618,100790,74370,50124,72207
120,99546,69231,49528,76244,99754,100555
121,50407,80501,99869,100083,99262,69456
122,99672,99762,100659,68438,50250,80101
123,100413,67637,49236,80639,100719,100419
124,49871,81832,100544,100575,99359,67352
125,100154,101119,99942,65783,49861,81856
126,99477,66584,49548,84197,100108,100230
127,50030,82316,99763,100219,100024,64913
128,100854,100024,100876,63870,49792,84803
129,99280,62799,50053,86020,100460,100566
130,50319,87217,99318,99730,99536,62041
131,99509,100068,100628,61963,50704,87626
132,100481,61000,50113,88113,99986,99815
133,49500,89372,99720,99679,100181,61022
134,100070,100691,99480,61440,49382,89081
135,100078,60323,50488,88263,100221,100607
136,50623,88625,99482,100530,100514,59818
137,100071,100862,100652,58453,49586,89441
138,99994,58291,50377,91387,99525,100686
139,49418,90823,99351,99705,100169,60806
140,99716,100197,100551,59885,49817,89273
141,100184,59591,49827,91090,100013,99519
142,50169,91166,99243,99778,99920,59754
143,100226,99204,100464,58691,50473,90164
144,100257,59534,49397,91226,99874,100198
145,49852,90350,100615,99843,100553,58070
146,100129,100735,100056,57494,49187,91789
147,99511,58133,49850,91975,100724,100562
148,50275,91219,99670,100749,99678,58104
149,99288,100861,99849,57192,50572,91774
150,100643,58855,50159,92320,98818,99434
151,49336,90105,100646,99868,100331,59593
152,100242,100474,99206,58856,50720,90703
153,99927,58720,51009,91944,99521,99607
154,50421,90847,99313,100018,99526,57645
155,100061,100809,99848,55186,50609,93380
156,100094,54018,50866,93773,100443,99870
157,49646,95619,99174,101020,99087,55535
158,99603,99682,100022,56214,49847,94290
159,100773,54892,50775,93637,100372,100296
160,50342,95016,98952,99165,100286,55672
161,99824,99957,100854,54324,50279,94136
162,100008,56511,49665,96003,99424,99252
163,50173,93806,100205,99634,100156,55690
164,99162,99750,99569,56979,49602,95176
165,100181,56043,50639,93128,100685,99053
166,49624,93975,99682,100887,99939,55421
167,100421,99863,100050,54916,49680,95178
168,99974,56002,49941,94453,100472,99837
169,49795,94620,99451,100831,99048,56263
170,100870,100025,100968,53400,50985,93381
171,99841,54780,49825,95794,99408,100134
172,49284,94839,100144,99779,99710,56467
173,99994,100081,100144,55828,49958,93259
174,99722,56270,49318,95095,100165,99996
175,50845,94250,99853,99794,99985,54850
176,100223,99526,99917,55067,50894,95089
177,98949,57363,50301,94068,99263,100000
178,50781,93116,99582,100333,100211,55405
179,100245,99947,100447,55353,49701,94771
180,99792,54228,50376,94637,100583,100020
181,50082,95627,99400,99799,100219,54223
182,99276,99395,100590,54599,49694,96256
183,100511,53180,50113,95782,100275,100265
184,49929,97658,99721,100376,99772,51746
185,99545,99118,99666,53657,49743,97492
186,99863,52772,50534,95773,99957,100932
187,51135,97375,99790,100626,98979,49079
188,99543,100619,99784,49622,50885,99814
189,99891,49476,49850,99714,100699,100459
190,49492,99740,99736,99914,99705,51205
191,100553,100118,99965,50321,49374,98735
192,98349,50059,50713,100052,100405,100767
193,50998,100673,99519,99492,99137,49432
194,100870,99874,98159,50062,50916,100415
195,97807,50093,52071,100560,99684,99306
196,52111,100282,99564,99958,97406,50749
197,99679,99208,99482,49472,52720,99839
198,97556,50143,50578,100895,99566,100048
199,52252,100433,100757,100060,96857,50187
200,100159,99921,97565,49519,54070,98919
201,97753,50080,52047,99711,99721,100623
202,52596,100167,99766,99702,94981,50013
203,100004,99957,95091,50344,55132,99510
204,95253,49757,54663,99966,100149,100277
205,54484,100057,100366,100559,94270,50451
206,99973,100088,95710,50043,55031,99145
207,94961,49261,54911,99572,99795,100349
208,55349,100427,99752,99791,94977,50279
209,100191,99447,94407,50725,55542,99457
210,94905,50063,55369,98989,100046,100395
211,54396,100516,99922,100677,93878,50021
212,100433,99862,94187,49359,56379,99742
213,93639,49674,56029,100821,99739,99901
214,55682,100134,100409,100034,92314,50709
215,100964,100032,92551,49639,57178,99701
216,92817,50501,56787,99860,100304,99367
217,56576,99213,100204,100375,92881,50511
218,99925,100519,92552,49897,56806,100315
219,91591,50364,57365,99980,100526,99875
220,58443,99382,99493,99771,92969,50078
221,100528,99965,92608,50529,56953,99210
222,89793,49960,58366,100091,100246,101004
223,59960,100254,99940,99249,91603,49590
224,100346,100333,91055,50207,57743,99413
225,91638,49215,58115,100189,100413,100386
226,57642,100215,100943,100120,89580,50663
227,100703,100612,89684,49611,60479,99047
228,90546,49278,59488,100239,99489,100798
229,59417,100572,99859,100439,90442,49377
230,99996,99779,90644,48953,60084,100410
231,90503,49657,59661,100514,99658,99842
232,58636,100246,100609,100163,90267,50273
233,100073,99998,90513,49883,59494,99523
234,89613,50617,58537,99573,101056,100547
235,60754,99515,100008,99916,90857,49567
236,99864,100196,89653,50585,58559,100387
237,87765,49933,61346,100349,99801,100242
238,62364,100023,99597,99947,89532,49444
239,100453,99663,89499,49541,60254,99554
240,90083,49808,59940,99485,100919,100285
241,59214,99913,100185,100702,89362,49914
242,100346,100675,88438,49648,60067,100339
243,88529,49319,61888,100641,100191,100395
244,61182,99899,99334,99748,90176,49417
245,100247,100435,88770,49784,59838,100308
246,87236,49983,61404,100603,100231,99494
247,62220,100266,99903,99130,84773,50095
248,100001,99836,85151,50515,65143,99742
249,83842,50051,65471,100142,100123,99971
250,66872,99781,100046,99188,82719,50806
251,100352,99723,83045,50881,67035,99319
252,82057,49977,67239,100038,99646,100859
253,67089,100062,99947,100000,82423,49780
254,100377,100882,81336,49181,68312,99608
255,82310,50085,67685,100804,99057,100490
256,67971,99779,100021,99337,83029,49669
257,99755,100200,80277,50556,67944,100384
258,81882,49236,69911,100155,99538,99209
259,67764,100703,100076,99406,81641,50177
260,100415,99896,81122,50623,67874,100726
261,80855,49148,69150,99394,100770,99980
262,69386,100212,99614,99581,81279,49657
263,99152,100210,82834,50081,68009,99602
264,80023,49689,67276,100520,100695,100411
265,70418,100100,100183,100189,78661,49411
266,100176,100146,78776,49363,70601,100917
267,79544,50049,71056,99995,100632,99344
268,70469,100474,100379,100219,77737,50397
269,99715,99188,79630,50143,71780,99738
270,50193,39158,49616,49553,50049,50422
